code,product_name,brands,categories_tags,countries_tags,packaging_tags,stores,purchase_places,nutriscore_grade,nova_group,ecoscore_grade,ingredients_text,nutriments.sugars_100g,nutriments.energy-kcal_100g
0024622511676,"Pepe's, Fantastico Chicharrones",Rudolph Foods Company  Inc.,Unknown,united-states,Unknown,Unknown,Unknown,unknown,Unknown,unknown,"Pork fat with attached skin, salt.",Unknown,571.0
0035266007265,"Tastee, White Pretzel Wonder Fantasy",Tastee Apple  Inc.,"plant-based-foods-and-beverages, plant-based-foods, fruits-and-vegetables-based-foods",united-states,Unknown,Unknown,Unknown,d,4.0,unknown,"Apple, caramel (corn syrup, sugar, condensed milk (milk, sucrose), hydrogenated palm oil, evaporated milk (disodium phosphate, carrageenan), soy flour, lecithin, monodiglyceride, vanillin and salt), chocolate coating (sugar, partially hydrogenated vegetable oil [palm kernel and or palm and/or cottonseed], skim milk powder, cocoa, vanilla, sorbitan tristearate [an emulsifier], soy lecithin [an emulsifier] and salt), pretzels (wheat flour, vital wheat gluten, salt, corn syrup, vegetable oil [may contain one or more of the following: corn, canola, cottonseed, soybean), sodium bicarbonate, yeast).",28.57,232.0
0041321016141,Fantastico light cheese dressing,Bernstein's,"condiments, sauces, salad-dressings, groceries",united-states,Unknown,Unknown,Unknown,d,4.0,Unknown,"Water, distilled vinegar, soybean oil, salt, maltodextrin, parmesan cheese (pasteurized part skim milk, cheese cultures, salt, enzymes), romano cheese (pasteurized part skim milk, salt, cheese cultures, enzymes), contains less than 2% of sugar, food starch-modified, onion*, cheese* (cultured pasteurized milk, salt, enzymes), granular and provolone cheese (pasteurized milk, cheese cultures, salt, enzymes), malted barley extract and corn grits, spices, garlic*, natural flavors (includes soybean), buttermilk solids, sorbic acid, sodium benzoate (a preservative), carrot*, pectin, lactic acid, xanthan gum, monosodium glutamate, milk solids, disodium phosphate, paprika, disodium inosinate and disodium guanylate, whey, calcium disodium edta added to protect flavor.",3.23,80.65
0041497131815,Oriental Fantasy Mix,"Weis,  Weis Markets  Inc.",undefined,united-states,Unknown,Unknown,Unknown,d,3.0,Unknown,"ROASTED & SALTED (ALMONDS, SPANISH PEANUTS, CASHEWS, SOY NUTS), ROASTED NO SALT (PUMPKIN SEEDS SHELLED), CORN NUTS, FRIED & SALTED PEAS (SALT, GREEN PEAS), SOYBEANS, CORN, GLUTINOUS RICE, SOY SAUCE (WATER, SOY BEAN, WHEAT, SEA SALT), SUGAR, STARCH, CHILI,",12.7,1950.0
0481290024608,"Truffle Fantaisie Cacao Powdered Truffles, Plain",Alaus Mathez Chocolatier,Unknown,united-states,Unknown,Unknown,Unknown,unknown,4.0,unknown,"Vegetable fats (coconut, palm kernel), sugar, fat reduced cocoa powder, whey powder, cocoa powder, emulsifier: soya lecithins.",42.5,575.0
0651433632001,Fantasy Sour Belts,D.S.D. Merchandisers  Inc.,"snacks, sweet-snacks, confectioneries",united-states,plastic-bowl,Unknown,Unknown,d,4.0,unknown,"Glucose syrup, sugar, wheat flour, modified corn starch, malic acid, lactose, palm fat, citric acid, lactic acid, sodium lactate, trisodium citrate, salt, mono and diglycerides, artificial flavor, glycerin, color: fd&c blue no. 1, fd&c yellow no.5, fd&c red no. 40, titanium dioxide.",46.88,344.0
0691355880067,Fantastic Classic Lollipops,Hammond's,"snacks, sweet-snacks, confectioneries",united-states,Unknown,Unknown,Unknown,e,4.0,unknown,"Sugar, corn syrup, citric acid, natural & artificial flavor, artificial colors (blue 1, red 3, red 40, yellow 5)",66.67,333.0
20284299,Fantail Prawns,"OceanSea,Tesco","seafood, crustaceans, shrimps, prawns",united-kingdom,"tray, plastic-tray, sleeve-board","Lidl,Tesco","Barnet,London,UK",c,3.0,Unknown,"Prawns 95% (_crustaceans_), salt, lactic acid, acetic acid",Unknown,Unknown
5449000029973,Fanta lămâie,Fanta,"plant-based-foods-and-beverages, beverages, plant-based-beverages, carbonated-drinks, fruit-based-beverages, sodas, fruit-sodas, sweetened-beverages",romania,Unknown,Unknown,Unknown,unknown,4.0,not-applicable,"apă, zahăr, dioxid de carbon, suc de lămâie din concentrat (2%), acidifiant acid citric, stabilizatori: gumă arabică și E 445, arome naturale de lămâie și alte arome naturale, antioxidant acid ascorbic",11.1,Unknown
5449000103789,Fanta zéro orange,The coca cola company,"beverages-and-beverages-preparations, beverages, artificially-sweetened-beverages",italy,it:bottiglia-pet,Unknown,Unknown,c,4.0,Unknown,"Acqua, succo di arancia (12%), anidride carbonica, acidificante acido citrico, aromi naturali di agrumi, correttore di acidità citrato trisodico, edulcoranti ciclammato di sodio, acesulfame K e sucralosio, stabilizzante gomma d'acacia, antiossidante acido ascorbico",Unknown,Unknown
8001590947920,Fantasie alle Erbe,"Philadelphia, mondelez",dairies,italy,Unknown,Unknown,Unknown,d,4.0,Unknown,"FORMAGGIO fresco [LATTE pastorizzato, crema di LATTE, sale, addensanti (alginato di sodio, farina di semi di carrube, caragenina), siero di LATTE, cipolla, piante aromatiche, sale, pepe nero. SENZA GLUTINE. Senza conservanti. Adatto ai vegetariani.",Unknown,Unknown
8010494000297,"La romagna, stringozzi fantasia",La Romagna,"plant-based-foods-and-beverages, plant-based-foods, cereals-and-potatoes, cereals-and-their-products, pastas, fresh-pasta, it:stringozzi",united-states,Unknown,Unknown,Unknown,unknown,Unknown,unknown,"Durum wheat semolina, water, red with chili dehydrates 1.5%, tomato dehydrates 1%, red beets dehydrates 0.5%, egg white. green: with basil dehydrates 3%, spinach 1%, egg white. to be kept in a cool and dry place.",Unknown,347.0
8028639000439,Fantasia,Barbagallo,Unknown,italy,Unknown,Unknown,Unknown,unknown,Unknown,Unknown,Unknown,Unknown,Unknown
0049000041194,Fanta zero sugar orange,Fanta,"beverages-and-beverages-preparations, beverages, carbonated-drinks, artificially-sweetened-beverages, sodas, diet-beverages, diet-sodas",united-states,Unknown,Unknown,Unknown,c,4.0,Unknown,"carbonated water, citric acid, potassium citrate, aspartame, natural flavors, modified food starch, potassium benzoate, acesulfame potassium, glycerol ester of rosin, yellow 6, medium chain triglycerides, sucrose acetate isobutyrate, red 40",Unknown,Unknown
5449000241375,Fanta original,Fanta,"plant-based-foods-and-beverages, beverages, plant-based-beverages, carbonated-drinks, fruit-based-beverages, sodas, fruit-sodas, orange-soft-drinks",italy,bottiglia-pet,Unknown,Unknown,unknown,4.0,Unknown,"acqua, succo di arancia da concentrato (12%), zucchero, anidride carbonica, acidificante acido citrico, aromi naturali di agrumi, stabilizzante gomma d'acacia, antiossidante acido ascorbico.",Unknown,Unknown
5000112628944,Fanta Fruit Twist,Fanta,Unknown,united-kingdom,pet-bottle,Unknown,Unknown,unknown,Unknown,Unknown,Unknown,Unknown,Unknown
5449000665829,Fanta Portocale și fructul pasiunii,Fanta,"beverages-and-beverages-preparations, plant-based-foods-and-beverages, beverages, plant-based-beverages, carbonated-drinks, fruit-based-beverages, sodas, fruit-sodas, sweetened-beverages",romania,"plastic, pet-polyethylene-terephthalate",Unknown,"Constanta,Romania",d,4.0,not-applicable,"Apa, sirop de fructoza-glucoza, dioxid de carbon, suc de fructe concentrat (portocale 2,8%, fructul pasiunii 0,1%, lamaie 0,1%), acidifianti acid citric si acid malic, arome, conservant sorbat de potasiu, stabilizatori guma de acacia, E445 si guma de guar, indulcitor glicozide derivate din steviol, antioxidant acid ascorbic.",6.5,Unknown
9310155003223,Crinkle Cut Snacks Sweet Chilli & Sour Cream Flavour,Fantastic,"snacks, salty-snacks, appetizers, biscuits-and-crackers, crackers-appetizers",australia,Unknown,Unknown,Unknown,d,4.0,Unknown,"rice flour (53%), maize starch, seasoning (sugar, maltodextrin, salt, flavour enhancers (e621, e635), flavour (soy, milk), hydrolysed vegetable protein, spices (paprika, chilli), vegetable powders (onion, garlic), tomato powders, cream powder (milk), yeast extract, anticaking agent (e551), vegetable oil, sour cream powder (milk). vegetable oil (antioxidant (e320)), potato starch, potato flakes (preservative (e222)), tapioca starch, bambo0 fibre, sugar, salt. contains: milk, soy, sulphites. may contain traces of: sesame.",Unknown,Unknown
0049000026207,Fanta Strawberry,Fanta,"beverages-and-beverages-preparations, beverages, carbonated-drinks, sodas, sweetened-beverages",united-states,bottle,Unknown,Unknown,e,4.0,Unknown,"Carbonated water, high fructose corn syrup, artificial flavors, citric acid, sodium benzoate, red 40.",Unknown,Unknown
8000571816224,Farfalle fantaisia,"Brezzo, L'antico Forno","plant-based-foods-and-beverages, plant-based-foods, pastas",italy,Unknown,Unknown,Unknown,a,Unknown,Unknown,Unknown,Unknown,Unknown
0049000028201,Pineapple,Fanta,"beverages-and-beverages-preparations, plant-based-foods-and-beverages, beverages, plant-based-beverages, carbonated-drinks, fruit-based-beverages, sodas, fruit-sodas, sweetened-beverages",united-states,Unknown,Unknown,Unknown,e,4.0,Unknown,"CARBONATED WATER, HIGH FRUCTOSE CORN SYRUP, CITRIC ACID, SODIUM BENZOATE (TO PROTECT TASTE), NATURAL FLAVORS, MODIFIED FOOD STARCH, SODIUM POLYPHOSPHATES, GLYCEROL ESTER OF ROSIN, YELLOW 6, RED 40",Unknown,Unknown
5000112631593,Fanta fruit twist,Fanta,Unknown,united-kingdom,Unknown,Unknown,Unknown,unknown,Unknown,Unknown,Unknown,Unknown,Unknown
5449000265197,Fanta,"Fanta, Coco Coka",Unknown,united-kingdom,pet-bottle,Unknown,Unknown,unknown,Unknown,Unknown,Unknown,Unknown,Unknown
5000112639605,Fanta Grape,Fanta,"plant-based-foods-and-beverages, beverages, plant-based-beverages, carbonated-drinks, fruit-based-beverages, sodas",united-kingdom,Unknown,Unknown,Unknown,b,Unknown,Unknown,Unknown,Unknown,Unknown
4062300219816,Fantasia di verdure con pollo e riso,Hopp,Unknown,italy,Unknown,Unknown,Unknown,unknown,Unknown,Unknown,Unknown,Unknown,Unknown
0049000067743,Fanta berry,Fanta,Unknown,united-states,Unknown,Unknown,Unknown,unknown,Unknown,unknown,Unknown,Unknown,Unknown
4062400027908,Fanta Lemon,"Sierra, Fanta",Unknown,united-kingdom,glass-bottle,Unknown,Unknown,unknown,Unknown,Unknown,Unknown,Unknown,Unknown
5000112631586,Fanta Orange,Fanta,"beverages-and-beverages-preparations, plant-based-foods-and-beverages, beverages, plant-based-beverages, carbonated-drinks, fruit-based-beverages, sodas, fruit-sodas, orange-soft-drinks",united-kingdom,Unknown,Unknown,Unknown,c,Unknown,Unknown,Unknown,Unknown,Unknown
5449000280282,Fanta Dark Orange,Fanta,"beverages-and-beverages-preparations, plant-based-foods-and-beverages, beverages, plant-based-beverages, carbonated-drinks, fruit-based-beverages, sodas, fruit-sodas",romania,"plastic, pet-polyethylene-terephthalate",Unknown,Romania,d,4.0,not-applicable,"apă, zahăr, suc de fructe din concentrat (portocale 2%, portocale roșii 1%), dioxid de carbon, acidifianți: acid citric și acid malic, arome naturale de portocale cu alte arome naturale, conservant: sorbat de potasiu, stabilizatori: gumă de acacia, gumă de guar și E445, îndulcitori: acesulfam-K și aspartam, colorant: carbon vegetal. Conține o sursă de fenilalanină.",4.3,19.0
0049000031683,Orange fruit flavored soda,Fanta,"beverages-and-beverages-preparations, beverages, carbonated-drinks, sodas",united-states,Unknown,Unknown,Unknown,unknown,Unknown,Unknown,Unknown,Unknown,Unknown
0049000047844,ORANGE SODA,Fanta,Unknown,united-states,Unknown,Unknown,Unknown,unknown,4.0,Unknown,"ition Facts Serv. Size: 1 Bottle, Amount Per Calories 160, Total Fat 0g (0% DV), Sodium 75mg Total Carb. 43g (15% DV), Total Sugars 42g (Ind. 42 Suppers 84% DV), Protein Og. Not a significant source of sa stat, cholest, fiber, vit. D, calcium, iron and potas. WATER CANE SUGAR, CITRIC ACID, POTASSIUM SORBATE (TO PROTECT TASTE MODRED VIRAL AND ARTIFICIAL FLAVORS, SUCROSE ACETATE ISOBUTYRATE SOUM HATE TO PROTECT TASTE, MEDIUM CHAIN TRIGLYCERIDES, YELLOW & ACT MADE PUERTE, S. de R. L. de C. V. TIJUANA, B.C. CP 22244 THE AUTHORITY OF THE COCA-COLA COMPANY, ATLANTA, GA 30313 BY COMPA ORANGE ORANGE SODA HO ARTIFICIALLY FLAVORED 285-00410 CONSUMER INFOR 1-800-438-2553 CA CRY 160 HHA-MA-MENSWE CALORIES 355 ml. (12 FL 62)",Unknown,Unknown
9310155010221,Gluten Free Rice Noodles Chicken,Fantastic,"plant-based-foods-and-beverages, plant-based-foods, dried-products, pastas, dried-products-to-be-rehydrated, noodles, instant-noodles",australia,Unknown,Woolworths,Unknown,unknown,4.0,Unknown,"ingredients noodles: rice noodles: rice flour (90%), tapioca starch, flavour sachet: salt, flavour,herbs and spices, sugar, least extract, flavour enhancers (627, 631), maltodextrin, colour (100), anticaking agent (551), vegetable oil, antioxidant (307b) vegetable sachet: debydrated vegeables contains soy,",2.7605633802817,45.175450704225
9310155711302,Fantastic Noodles beef bowl,Fantastic,"plant-based-foods-and-beverages, plant-based-foods, cereals-and-potatoes, cereals-and-their-products, dried-products, dried-products-to-be-rehydrated, pastas, noodles, instant-noodles",australia,Unknown,Unknown,Unknown,unknown,4.0,Unknown,"wheat flour, vegetable oil (antioxidant (319)), modified starch (1420), salt, mineral salts (501, 500, 451), vegetable gum (412), flavour enhancers (621, 627, 631), flavours (wheat, soy), salt, maltodextrin, herbs and spices, colours (150c, 100), sugar, vegetable oil (antioxidant (319)), anticaking agent (551), antioxidant (307b), vegetable, dehydrated",Unknown,Unknown
8001420008685,Chicchi e fantasia farro,Gallo,"plant-based-foods-and-beverages, plant-based-foods, cereals-and-potatoes, seeds, cereals-and-their-products, cereal-grains, wheats, spelts",italy,Unknown,conad,Italia,a,Unknown,Unknown,Unknown,Unknown,Unknown
8021066602023,Fantasia di vongole alla pescatora,Albatros,"seafood, frozen-foods, frozen-seafood, it:vongole-precotte",italy,Unknown,Unknown,Unknown,a,Unknown,Unknown,Unknown,Unknown,Unknown
5000112546521,Fanta fruit twist,Fanta,Unknown,united-kingdom,Unknown,Unknown,Unknown,unknown,Unknown,Unknown,Unknown,Unknown,Unknown
5449000229526,Fanta Pink Pomelo no sugar,Fanta,Unknown,united-states,Unknown,Unknown,Unknown,unknown,Unknown,unknown,Unknown,0.3,3.0
0049000041439,Fanta Zero Sugar Orange,Fanta,Unknown,united-states,Unknown,Unknown,Unknown,unknown,4.0,Unknown,"carbonated water, citric acid, potassium citrate, aspartame, natural flavors, modified food starch, potassium benzoate, acesulfame potassium, glycerol ester of rosin, yellow 6, medium chain triglycerides, sucrose acetate isobutyrate, red 40",Unknown,Unknown
0049000050264,Fanta ananas,Fanta,Unknown,united-states,Unknown,Unknown,Unknown,unknown,4.0,Unknown,"carbonated water, high fructose corn syrup, citric acid, natural flavors, modified food starch, potassium sorbate, sodium benzoate, sodium citrate, medium chain triglycerides, salt, sucrose acetate isobutyrate, yellow 5, yellow 6",Unknown,Unknown
9310155010139,Honey Baked Ham,Fantastic,Unknown,australia,Unknown,Unknown,Unknown,unknown,Unknown,unknown,Unknown,4.4,413.0
5449000021670,Fanta zero zahăr portocale,"Fanta, Coca-Cola, Coca-Cola Company","plant-based-foods-and-beverages, beverages, plant-based-beverages, carbonated-drinks, fruit-based-beverages, artificially-sweetened-beverages, sodas, sweetened-beverages",romania,"plastic, pet-polyethylene-terephthalate",Unknown,Romania,c,4.0,not-applicable,"Apă, suc de portocale din concentrat 3%, dioxid de carbon, acidifianți: acid citric și acid malic, îndulcitori: ciclamați, acesulfam-K, glicozide derivate din steviol și E959, arome naturale de portocale cu alte arome naturale, conservant: sorbat de potasiu, antioxidant: acid ascorbic, stabilizator: gumă de guar, colorant: caroteni,",0.3,2.0
5449000270320,"Fanta zero zahăr cu zmeură, lămâie verde și baobab","Fanta, Coca-Cola, Coca-Cola Company","beverages, carbonated-drinks, artificially-sweetened-beverages, sodas, sweetened-beverages",romania,"plastic, pet-polyethylene-terephthalate",Unknown,Romania,c,4.0,not-applicable,"Apă, dioxid de carbon, suc de fructe din concentrat: suc de portocale (2,9%), suc de lămâie verde (0,1%), suc de zmeură (0,1%), acidifiant acid citric, arome naturale, concentrat vegetal (cartof dulce, morcov), îndulcitori: ciclamat de sodiu, acesulfam-K, sucraloză și glicozide derivate din setviol, conservant sorbat de potasiu, corecyor de aciditate citrați de sodiu, extract din fructe de baobab (0,01%), stabilizatori gumă arabică, gumă de guar și esteri glicerici ai rășinilor din lemn.",0.4,3.0
8001420007572,Chicchi e fantasia fantasie di cereali con riso,Gallo,"plant-based-foods-and-beverages, plant-based-foods, cereals-and-potatoes, seeds, cereals-and-their-products, cereal-grains",italy,paper,Unknown,Italia,b,1.0,Unknown,"Riso integrale parboiled 65%, avena precotta 20%, grano perlato precotto 15% 0",Unknown,Unknown
0089087157630,"Tropical fantasy, juice cocktail, mango",Unknown,"plant-based-foods-and-beverages, beverages, plant-based-beverages",united-states,Unknown,Unknown,Unknown,c,4.0,unknown,"Trippe filtered water, high fructose, corn syrup, pear, juice from concentrate, citric acid, natural flavor, xanthum gum, sucralose, gum acaia sodium citrate, fd&c yellow #5, ascorbic acid, (vitamin c), glycerol, ester of wood rosin, acesulfame, potassium, fd&c yellow #6, mango puree.",1.69,8.0
0024107242101,"Fantasy cookie company, assorted holiday cookies",Unknown,"snacks, sweet-snacks, biscuits-and-cakes, biscuits",united-states,Unknown,Unknown,Unknown,e,4.0,d,"Bleached enriched flour (wheat flour, niacin, reduced iron, thiamine, riboflavin, folic acid), non-hydrogenated palm oil, powdered sugar, whole eggs, invert sugar, granulated sugar, butter (cream [milk], salt), natural and artificial flavors with color, whey (milk), salt, baking powder, baking soda. chocolate coating: sugar, palm kernel and palm oil, cocoa processed with alkali, buttermilk, soy lecithin as emulsifier, natural vanilla flavor with other natural flavors. white chocolate coating: sugar, cocoa butter, whole milk powder, skim milk powder, butter oil, soy lecithin as emulsifier, vanilla extract. sprinkles: sugar, corn starch, partially hydrogenated cottonseed and/or soybean oil, soy lecithin, fd&c red #40 lake, dextrin, fd&c yellow #5 lake, fd&c blue #1 lake, fd&c yellow #6 lake, confectioner's glaze, natural and artificial flavor, carnauba wax. sanding sugar: sugar, confectioner's glaze, fd&c red #3, fd&c yellow #6, fd&c red # 40, fd&c blue #2, fd&c yellow #5 lake, fd&c blue # 1 lake, carnauba wax.",17.86,500.0
0089087157197,"Tropical fantasy, cocktails, blue raspberry",Unknown,beverages,united-states,Unknown,Unknown,Unknown,e,4.0,unknown,"Water, fish fructose corn syrup, natural and artificial flavors, citric acid, gum acacia, artificial colors (fd&c red #40, and blue #1), sucralose",9.68,38.0
0089087157487,"Tropical fantasy, premium lemonade drink, pomegranate blueberry",Unknown,beverages,united-states,Unknown,Unknown,Unknown,d,4.0,unknown,"Water, cane sugar, citric acid, natural flavors, pear juice (from concentrate), sodium citrate, acacia gum, acesulfame potassium, sucrose acetate isobutyrate, sucralose, glycerol ester of wood rosin, ascorbic acid, fd&c red, #40 and fd&c blue #1.",3.75,17.0
0611247312179,"Fanta, beverage mix, orange, orange",Unknown,"beverages, dried-products, dried-products-to-be-rehydrated, dehydrated-beverages",united-states,Unknown,Unknown,Unknown,unknown,4.0,unknown,"High fructose corn syrup, water, carbon dioxide (for carbonation), citric acid, potassium benzoate (to protect taste), natural flavors, modified food starch, glycerol ester of rosin, yellow 6, sucrose acetate isobutyrate, red 40.",55.88,212.0
0073825124824,"Fantastic world foods, black beans mix",Unknown,"plant-based-foods-and-beverages, plant-based-foods, fruits-and-vegetables-based-foods, vegetables-based-foods, vegetables, mixed-vegetables",united-states,Unknown,Unknown,Unknown,b,3.0,unknown,"Black bean flakes, dehydrated onion, spices, non-gmo expeller pressed canola oil*, salt, dehydrated garlic.",2.86,371.0
5449000203243,"Fanta, soda, raspberry & passionfruit",Unknown,"beverages, carbonated-drinks, sodas",united-states,Unknown,Unknown,Unknown,unknown,4.0,not-applicable,"Carbonated water, sugar, fruit juices from concentrate 3% (orange 2.8%, raspberry 0.1%, passionfruit 0.1%), citric acid, malic acid, acidity regulator (sodium gluconate), preservative (potassium sorbate), fruit and vegetable concentrates (blackcurrant, carrot), stabilisers (acacia gum, glycerol esters of wood rosin), sweetener (steviol glycosides), antioxidant (ascorbic acid), natural flavourings.",6.7,28.0
0073825121458,"Fantastic world foods, organic whole wheat couscous",Unknown,"plant-based-foods-and-beverages, plant-based-foods, cereals-and-potatoes, cereals-and-their-products, pastas",united-states,Unknown,Unknown,Unknown,a,1.0,unknown,"(vegan): organic whole wheat couscous (organic whole wheat, durum semolina)",2.38,357.0
5425021935066,Arabica truffes cappuccino fantaisie,Unknown,"snacks, sweet-snacks, cocoa-and-its-products, confectioneries, chocolate-candies",united-states,Unknown,Unknown,Unknown,e,4.0,unknown,"Vegetable oil, sugar, defatted cocoa powder (15%), whey solids (milk), emulsifier: soya lecithin, flavouring.",42.5,625.0
0028400052993,Fantastix chili cheese,Unknown,snacks,united-states,Unknown,Unknown,Unknown,d,4.0,unknown,"Whole Corn Meal, Enriched Corn Meal (Corn Meal, Ferrous Sulfate, Niacin, Thiamin Mononitrate, Riboflavin, Folic Acid), Vegetable Oil (Corn, Canola, and/or Sunflower Oil), Dried Potatoes and Less than 2% of the Following: Maltodextrin (Made from Corn), Salt, Whey, Spices, Monosodium Glutamate, Natural and Artificial Flavors, Onion Powder, Cheddar Cheese (Milk, Cheese Cultures, Salt, Enzymes), Garlic Powder, Dextrose, Cream Powder, Torula Yeast, Swiss Cheese (Milk, Cheese Cultures, Salt, Enzymes), Colby Cheese (Milk, Cheese Cultures, Salt, Enzymes), Butter (Cream, Salt), Sodium Diacetate, Sour Cream (Cultured Cream, Skim Milk), Yeast Extract, Artificial Color (Yellow 5, Yellow 6), Jalapeno Pepper, Disodium Inosinate, Disodium Guanylate, and Beta-Carotene. CONTAINS MILK INGREDIENTS",3.5335689045936,459.36395759717
0041269208066,Hollow milk chocolate football fantasy,Unknown,"snacks, sweet-snacks, cocoa-and-its-products, confectioneries, chocolate-candies",united-states,Unknown,Unknown,Unknown,e,4.0,unknown,"Milk chocolate (sugar, cocoa butter, whole milk, chocolate, soy lecithin and pgpr (emulsifiers), and vanilla, decorating coatings (sugar, cocoa butter, whole milk powder, soy lecithin (emulsifier), natural vanilla.",64.29,500.0
0878631755015,Conibon fantasia marshmallow and wafer with multicolor candy covered pieces,Unknown,"snacks, sweet-snacks, confectioneries",united-states,Unknown,Unknown,Unknown,e,4.0,unknown,"wheat flour, sodium bicarbonate, artificial colors (fd&",53.85,333.0
0041269209131,Mini football fantasy hallow double crisp chocolaty'n smooth crisp'n crunchy candy,Unknown,"snacks, sweet-snacks, cocoa-and-its-products, confectioneries, chocolate-candies",united-states,Unknown,Unknown,Unknown,e,4.0,unknown,"Sugar, hydrogenated vegetable oil (palm kernel and/or palm), whey, crisp rice (rice, sugar, salt, barley malt), cocoa (processed with alkali), lactose, skim milk, soy lecithin (emulsifier), vanillin (artificial flavor).",58.06,516.0
0038000232275,Fantastic fruit with glittery sparkles cereal,Unknown,"plant-based-foods-and-beverages, plant-based-foods, cereals-and-potatoes, cereals-and-their-products",united-states,Unknown,Unknown,Unknown,e,4.0,unknown,"Sugar, corn flour blend (whole grain yellow corn flour, degerminated yellow corn flour), wheat flour, whole grain oat flour, contains 2% or less of oat fiber, salt, soluble corn fiber, acacia gum, natural flavor, fruit juice concentrate, modified cellulose, red 40, color added, yellow 5, yellow 6, blue 1, red 3, bht for freshness. vitamins and minerals: reduced iron, niacinamide, vitamin b6 (pyridoxine hydrochloride), vitamin b2 (riboflavin), vitamin b1 (thiamin hydrochloride), folic acid, vitamin d3, vitamin b12.",38.46,385.0
5000112562255,Fanta fruit twist,Unknown,Unknown,united-kingdom,Unknown,Unknown,Unknown,unknown,Unknown,Unknown,Unknown,Unknown,Unknown
5000112644869,Fanta Orange 500ml,Fanta,"beverages-and-beverages-preparations, plant-based-foods-and-beverages, beverages, plant-based-beverages, carbonated-drinks, fruit-based-beverages, sodas, fruit-sodas, orange-soft-drinks",united-kingdom,Unknown,Unknown,Unknown,c,Unknown,Unknown,Unknown,Unknown,Unknown
8008703158167,Fantasia di semi,Pedon,"plant-based-foods-and-beverages, plant-based-foods, seeds",italy,Unknown,Unknown,Unknown,a,1.0,Unknown,"semi di girasole, semi di zucca, semi di lino.",Unknown,Unknown
5018357012459,Fantastically fruity muesli,Dorset cereals,"plant-based-foods-and-beverages, plant-based-foods, breakfasts, cereals-and-potatoes, cereals-and-their-products, breakfast-cereals, cereals-with-fruits, mueslis, mueslis-with-fruits",united-kingdom,Unknown,Unknown,Unknown,c,3.0,Unknown,"Wholegrain oat flakes (44%), fruit (35%) [chopped dates, dried diced apricots (7%) (apricots, preservative (sulphur dioxide)), dried diced plum (6%), toasted coconut chips, freeze dried raspberry pieces, freeze dried sliced cherries], nuts & seeds (20%) [sunflower seeds, pumpkin seeds, chopped pecan nuts (3.5%), whole almonds].",Unknown,Unknown
0028400075060,Fantastix flamin hot flavored potato and corn snacks,Cheetos,Unknown,united-states,Unknown,Unknown,Unknown,unknown,4.0,Unknown,"whole corn meal, enriched corn meal (corn meal, ferrous sulfate, niacin, thiamin mononitrate, riboflavin, folic acid) vegetable oil (corn, canola, and/or sunflower oil), dried potatoes, and less than 2% of the following: cheddar cheese (milk, cheese cultures, salt, enzymes), salt, whey, buttermilk, monosodium glutamate, tomato powder, romano cheese (part-skim cow's milk, cheese cultures, salt, enzymes), whey protein concentrate, onion powder, artificial color (red 40 lake, yellow 6 lake, yellow 6), natural flavor, garlic powder, lactic acid, sugar, citric acid, disodium inosinate, disodium guanylate, and beta-carotene, contains milk ingredients,",3.5714285714286,464.28571428571
9300675013444,Fanta,Coca-Cola,"beverages, carbonated-drinks, sodas",australia,plastic-bottle,Unknown,Unknown,unknown,Unknown,not-applicable,Unknown,4.5,19.0
9310155010504,fantastic rice squares,Fantastic,Unknown,australia,Unknown,Unknown,Unknown,unknown,4.0,Unknown,"rice (82%), flavour (maltodextrin, hydrolysed vegetable protein, sugar, salt, soy bean oil), modified tapioca starch (1442), vegetable oil (antioxidant 307b), sugar, salt, ation serving size: 25g average quantity per 100g produce 1690kj fantasti 4 boden 6,6g 3,0g 1,4g 86,4g 3,4g 0,4g not detected 756mg contains soy, south au may contain traces of milk, egg and sesame, suitable for vegetarians and vegans, www,fantas fantastic 9 southpa no added msg, auckland no artificial colours or flavours,",3.6,404.0
0049000047851,Fanta Natanja,Fanta,Unknown,united-states,Unknown,Unknown,Unknown,unknown,Unknown,unknown,Unknown,11.8,46.0
5449000138316,#WhatTheFanta,Fanta,Unknown,united-kingdom,pet-bottle,Unknown,Unknown,unknown,4.0,Unknown,"carbonated water, apple juice from concentrate (3,3), acid (citric acid), plant and fruit concentrates (safflower, lemon), sweeteners (sodium cyclamate, acesulfame-k, sucralose), preservative (potassium sorbate), acidity regulator (sodium citrate), natural flavourings, colour (brilliant blue fcfi",Unknown,Unknown
04703068,Fantasia di Funghi,Max Delizie,"plant-based-foods-and-beverages, plant-based-foods, fruits-and-vegetables-based-foods, vegetables-based-foods, dried-products, mushrooms-and-their-products, dried-plant-based-foods, dried-mushrooms",italy,plastic,crai,Italia,a,Unknown,Unknown,"Geloni coltivati secchi (Pleurotus ostreatus), Shiltake coltivati secchi (Lentinula edodes), - Prataioli coltivati secchi (Agaricus bisporus), - Porcini secchi commerciali (Boletus edulis e relativo gruppo).",Unknown,Unknown
5000112546507,Fanta,Fanta,Unknown,united-kingdom,pet-bottle,Unknown,Unknown,unknown,Unknown,Unknown,Unknown,Unknown,Unknown
0027000002117,Orange Crush Snack Pack Jello,Fanta,Unknown,united-states,Unknown,Unknown,Unknown,unknown,4.0,Unknown,"water, sugar, less than 2% of: carrageenan, citric acid, sodium citrate, potassium citrate, locust bean gum, adipic acid, natural flavor, yellow 6. conagra brands p.o. box 3534 chicago, il 60654 questions or comments, visit us at www.snackpack.com or call mon.-fri., 1-800-457-4178 (except national holidays). please have entire package available when you call so we may gather information off the label. when writing, please send stamped code from side of cup. fanta is a trademark of the coca-cola company. © the coca-cola company. all rights reserved 21039344h10727or bestbysep 05 2020 21039344h10727or bestbysep 0s 2020 21039344h10727 bestbysep 05 24 10093384 %24",21.7,97.8
0049000069228,Fanta pineapple,Fanta,Unknown,united-states,Unknown,Unknown,Unknown,unknown,4.0,unknown,"nutrition facts ice amount/serving % dally va total fat 0g sodium 75mg total carb, 68g total sugars 67g incl, 67g added sugars 2 protein 0g serv,size 1 bottle clorles250 not a significant source of sat fa fat, chofest,, fiber, vit, d, calcium, o and potas, calories serving crbonated water, high fructose corn syrup, citric acd, natural flavors, modified food starch, hotassium sorbate and sodium benzoate (to protect taste), sodium citrate, medium chain triglycerides, lt, sucrose acetate isobutyrate, yellow 5, yellow , caffeine free c18 the coca-cola company condumer information call 1-800-438-2653 www,fanta,com scan here for more nouv uo 0",13.405630364753,50.021008823706
54012226,Fanta raspberry zero sugar,Fanta,Unknown,united-kingdom,Unknown,Unknown,Unknown,unknown,Unknown,Unknown,Unknown,Unknown,Unknown
9310155630504,Fantastic Chicken and Corn Noodles,Fantastic,"plant-based-foods-and-beverages, plant-based-foods, cereals-and-potatoes, cereals-and-their-products, dried-products, dried-products-to-be-rehydrated, pastas, noodles, instant-noodles",australia,Unknown,Unknown,Unknown,unknown,4.0,Unknown,"noodles: wheat flour, vegetable ol (contains antionidant (320), salt. flavour sachet: maltodextrin, salt, flavour ens (621, 635), sugar, flavour, he, a end spices, colour (turmeric). vegetable sachet: dehydrated seasonal vegetables.",Unknown,Unknown
9300675003094,FANTA ORANGE 1.25L,Fanta,Unknown,australia,Unknown,"Woolworths, Coles",Unknown,unknown,4.0,Unknown,"nta orange new sweetener blend ^40% less sugar compared with fanta march 2020 made i and loc consur call 180 web co contains: carbonated water, sugar, orange juice from concentrate (2.1%), food acids (330, 331), flavour, natural colour (160a), preservative (202), sweeteners (950, 955), antioxidant (300).",7.2,30.4
8008660160784,Confettura extra di prugne,"Fantasy, Menz & Gasser","plant-based-foods-and-beverages, plant-based-foods, breakfasts, spreads, plant-based-spreads, sweet-spreads, fruit-and-vegetable-preserves, jams",italy,Unknown,Unknown,Unknown,d,Unknown,Unknown,Unknown,Unknown,Unknown
8057685618466,Fantasmini,In's,"snacks, sweet-snacks, biscuits-and-cakes, biscuits",italy,"plastic, paper",In's,Italia,unknown,4.0,Unknown,"Ingredienti della pasta frolla 64%: farina di frumento, grasso vegetale di cocco, olio vegetale di girasole, zucchero, uova, amido di mais, sciroppo di zucchero invertito, agenti lievitanti: difosfati, carbonati di potassio, sale, aromi, correttori di acidità: acido citrico. Ingredienti copertura 36%: zucchero, grassi vegetali di cocco e burro di cacao, lattosio, latte scremato in polvere, cacao magro in polvere, emulsionanti: lecitine di soia, aromi",Unknown,Unknown
9310155520102,Cheese rice crackers,Fantastic,Unknown,australia,Unknown,Unknown,Unknown,unknown,4.0,Unknown,"Rice Flour, Vegetable Oil, Antioxidant (307b), Cheese Powder, Cheese Solids, Milk, Salt, Starter Culture, Enzymes, Milk Solids, Mineral Salts (339, 331), Food Acid (Lactic), Hydrolysed Vegetable Protein, Yeast Extract, Colour (Paprika Oleoresin), Maltodextrin, Salt, Flavour Enhancers (621, 627, 631), Tomato Powder, Herbs, Yeast Extract, Colour (Paprika Oleoresin)",Unknown,Unknown
0049000081312,Pina Colada Fanta,"Coca-Cola, Fanta",Unknown,united-states,Unknown,Unknown,Unknown,unknown,4.0,unknown,"carbonated water, high fructose corn syrup, natural flavors, malic acid",10.760275180808,40.571529370259
5449000275967,Aranciata Rossa,Fanta,Unknown,italy,it:bottiglia-pet,Unknown,Unknown,unknown,Unknown,Unknown,Unknown,Unknown,Unknown
8055118487696,Fantasie dell'orto,Euroverde,"plant-based-foods-and-beverages, plant-based-foods, meals, soups",italy,Unknown,Unknown,Unknown,c,Unknown,Unknown,Unknown,Unknown,Unknown
8001860247835,Fantasia di farro e benessere con cereali antichi,Riso Scotti,"plant-based-foods-and-beverages, plant-based-foods",italy,Unknown,Unknown,Unknown,b,Unknown,Unknown,Unknown,Unknown,Unknown
8022822002880,Vegaffettato fantasia di carpaccio,Biolab,"plant-based-foods-and-beverages, plant-based-foods",italy,Unknown,Unknown,Unknown,d,4.0,Unknown,"Wasser, Weizengluten 33%, Kichererbsenmehl; Sonnenblumenöl, jodiertes Speisesalz, Rote Bete; inaktive Hefe, natürliches pflanzliches Aroma, Dextrose, Sojasauce (Wasser, Sojabohnen, Vollkornweizen, Meersalz), Antioxidationsmittel: Ascorbinsäure, Weizenstärke, Gewürze, Kräuter, Knoblauch: (aus biologischer Landwirtschaft. Kann Senf enthalten.",Unknown,Unknown
8002330011888,Fantalegumi CheJoy,Esselunga,"plant-based-foods-and-beverages, plant-based-foods, cereals-and-potatoes, cereals-and-their-products, pastas, lentil-pasta, dry-lentil-pasta",italy,Unknown,Esselunga,Unknown,unknown,Unknown,Unknown,"Farina di lenticchie rosse*. *Biologico. Senza glutine. Può contenere tracce di soia. Da consumarsi preferibilmente entro il: vedi data indicata sul lato Inferiore della confezione. Conservare in luogo fresco, asciutto e pulito, al riparo dalla luce solare. Prodotto per Esselunga S.p.A. Via Giambologna, 1",Unknown,Unknown
8055118487641,Passato di verdure invernale,"Euroverde, Fantasie dell'Orto","plant-based-foods-and-beverages, plant-based-foods",italy,Unknown,Unknown,Unknown,c,Unknown,Unknown,Unknown,Unknown,Unknown
0054600002865,Heavy Dury All Purpose Cleaner,Fantastik,Unknown,united-states,hdpe-bottle,Unknown,Unknown,unknown,Unknown,unknown,Unknown,Unknown,Unknown
27563571,Fruity & tangy pineapple juice,Fanta,Juice,united-kingdom,pet-bottle,Unknown,Unknown,a,1.0,Unknown,Pineapple Juice.,Unknown,Unknown
9310155721301,Noodles Chicken Flavour,Fantastic,"plant-based-foods-and-beverages, plant-based-foods, dried-products, pastas, dried-products-to-be-rehydrated, noodles, instant-noodles",australia,Unknown,"Woolworths, Coles",Unknown,unknown,4.0,Unknown,"noodles: wheat flour, vegetable cil (contains antioxidant (319)), modified tapioca starch (1420), salt, mineral salts (501, 500,
 451), vegetable gum (412). flavour sachet: salt, flavour enhancers (621, 635), flavours (contains s wheat), herbs&spices, sugar, yeast exc colour (tumeric), vegetable oil (contain antioxidant (319), anticaking agent (1st) antioxidant (307b). 1600k] 299k) energy protein fat total saturated 1.0g 1.3g 3.2g 1.5g 8.0g 49.8g 9.3g 0.5g cabhydrate - ssugars dietary fibre sodum when prepared accora to directions .lg 0.5g 0mg mg nou vegetable sachet: dehydrated vegetables. serving contains: soy, wheat may contain traces of: milk, egg. fish, crustacea, sesame",Unknown,Unknown
8003170055841,Contorno fantasia di verdure,Conad,"plant-based-foods-and-beverages, plant-based-foods, fruits-and-vegetables-based-foods, legumes-and-their-products, legumes, vegetables-based-foods, frozen-foods, frozen-plant-based-foods, frozen-vegetables",italy,Unknown,Conad,Unknown,a,1.0,Unknown,"Carote 25%, fagiolini 20%, cavolfiori 15%, broccoli 15%, peperoni gialli 10%, pereroni rossi 10%, cipolle 5%.",Unknown,Unknown
0049000061031,ORANGE SODA,FANTA,"plant-based-foods-and-beverages, beverages, plant-based-beverages, carbonated-drinks, fruit-based-beverages, sodas, fruit-sodas, sweetened-beverages",united-states,Unknown,Unknown,"Maryland,USA",e,4.0,Unknown,"CARBONATED WATER, HIGH FRUCTOSE CORN SYRUP, CITRIC ACID, NATURAL FLAVORS, SODIUM BENZOATE (TO PROTECT TASTE), MODIFIED FOOD STARCH, GLYCEROL ESTER OF ROSIN, YELLOW 6, RED 40.",12.6,45.0
0865428000205,Fudge Fantasies,Unknown,Unknown,united-states,Unknown,Unknown,Unknown,unknown,Unknown,unknown,Unknown,Unknown,604.65
8026396001256,Fantasia da cuocere,Mioorto,"plant-based-foods-and-beverages, plant-based-foods, fruits-and-vegetables-based-foods, vegetables-based-foods, fresh-foods, fresh-plant-based-foods, fresh-vegetables",italy,Unknown,Unknown,Unknown,a,Unknown,Unknown,Unknown,Unknown,Unknown
8007091006760,Fantasy,Unknown,Unknown,italy,Unknown,Unknown,Unknown,unknown,Unknown,Unknown,Unknown,Unknown,Unknown
5000112622164,Fanta Zero Fruit Twist,Fanta,Unknown,united-kingdom,"pet-bottle, pet-cap",Unknown,Unknown,unknown,Unknown,unknown,Unknown,Unknown,Unknown
8015255000691,Friarielli in olio,fantasia napoletana,Unknown,italy,Unknown,Unknown,Unknown,unknown,Unknown,Unknown,Unknown,Unknown,Unknown
9310645312965,fantasy spread,"Coles Supermarket, Coles","breakfasts, spreads, sweet-spreads",australia,glass,"Coles Supermarket, Coles",Australia,unknown,Unknown,unknown,"arl.org.au 9 310645 312965 orapeseed oil, palm cndy (5%) sugar, hopelant 290]], full atover lecihin), sunflower lapbery flavour. dustinable palm oil. ins milk. a1008-0011 da0520p asaleghly atero pening. artoched",62.3,Unknown
9310155600705,Instant Noodles,Fantastic,"plant-based-foods-and-beverages, plant-based-foods, cereals-and-potatoes, cereals-and-their-products, dried-products, pastas, dried-products-to-be-rehydrated, noodles, instant-noodles",australia,Unknown,Unknown,Unknown,unknown,4.0,Unknown,"ingredients noodles: wheat flour, vegetable oil [antioxidant (319)], modified starch (1422), salt, mineral salt (501, 500, 452), vegetable gum (412).",Unknown,Unknown
5000112636208,Fanta,Fanta,"beverages, carbonated-drinks, sodas, ca:refre",italy,it:bottiglia-pet,Unknown,Unknown,e,Unknown,Unknown,Unknown,Unknown,Unknown
5000112599718,Fruit twist,Fanta,Unknown,united-kingdom,Unknown,Unknown,Unknown,unknown,Unknown,Unknown,Unknown,Unknown,Unknown
8017596065940,Fantasia di limone,"Dolciando, Eurospin","snacks, sweet-snacks, confectioneries, biscuits-and-cakes, cakes",italy,"plastic, paper",Eurospin,Unknown,d,4.0,Unknown,"Crema al limone 34,9% [zucchero, acqua, tuorlo d'UOVO da allevamento a terra, amido modificato di patate, olio di semi di girasole, LATTE intero in polvere, aromi, succo concentrato di limone 0,6% (corrispondente al 0,2% sul totale degli ingredienti)], farina di GRANO tenero tipo &quot;00&quot;, zucchero, miscela di oli e grassi (olio di semi di girasole, Burro), UOVA da allevamento a terra, fecola di patata, LATTE intero fresco pastorizzato, aromi, emulsionante: mono e digliceridi degli acidi grassi, amido di FRUMENTO, agenti lievitanti (difosfati, carbonati di sodio, carbonati d'ammonio), sciroppo di glucosio-fruttosio, amido di riso, sale. Può contenere tracce di SOIA e FRUTTA A GUSCIO.",Unknown,Unknown
8002330011703,Fantalegumi,Esselunga,Unknown,italy,Unknown,Esselunga,Unknown,unknown,Unknown,Unknown,Unknown,Unknown,Unknown
5449000295804,Fanta,Fanta,"beverages, artificially-sweetened-beverages",united-kingdom,Unknown,Unknown,Unknown,c,4.0,Unknown,"carbonated water, lemon juice from concentrate (3%), natural flavourings, acids (citric acid, malic acid), sweeteners (sodium cyclamate, acesulfame-k, sucralose), preservative (potassium sorbate), colour (brilliant blue fcf),",Unknown,Unknown
5000112599466,Fanta,Fanta,Unknown,united-kingdom,Unknown,Unknown,Unknown,unknown,Unknown,Unknown,Unknown,Unknown,Unknown
8023016990303,Fantasia di Lenticchie,Del Colle,"plant-based-foods-and-beverages, plant-based-foods, legumes-and-their-products, legumes, seeds, legume-seeds, pulses, lentils, decorticated-lentils, green-lentils, red-lentils, it:legumi-decorticati, it:lenticchie-regina, it:lenticchie-gialle, it:lenticchie-marroni, it:lenticchie-secche",italy,Unknown,Unknown,Unknown,a,Unknown,Unknown,"lenticchie verdi eston
lenticchie rosse di montagna
lenticchie rosse spezzate decorticate
lenticchie gialle spezzate decorticate
lenticchie regina decorticate",Unknown,Unknown
8033389263355,Fantasie di mare,Oggi Pesce,"seafood, frozen-foods, frozen-seafood",italy,Unknown,Unknown,Unknown,c,Unknown,Unknown,Unknown,Unknown,Unknown
5449000285737,fanta raspberry,Fanta,Unknown,united-kingdom,Unknown,Unknown,Unknown,unknown,Unknown,Unknown,Unknown,Unknown,Unknown
8055118484749,Duetto julienne,"Euroverde, Fantasie dell'Orto","plant-based-foods-and-beverages, plant-based-foods",italy,Unknown,Unknown,Unknown,unknown,Unknown,Unknown,Unknown,Unknown,Unknown
8017596040169,Fantasia di mare,Eurospin,it:cozze-e-crostacei-surgelati,italy,Unknown,Eurospin,Unknown,c,3.0,Unknown,"COZZE 32%, VONGOLE con guscio 22%, pomodori 9%, GAMBERI 8% ((GAMBERETTI, antiossidante (metabiSOLFITO di sodio); (GAMBERI, sale, antiossidanti (metabiSOLFITO di sodio), acido citrico, acido ascorbico)), acqua, olio di semi di girasole, olio extravergine di oliva, prezzemolo, basilico, aglio, farina di FRUMENTO, sale, peperoncino. Può contenere tracce di UOVA, LATTE, PESCE, SEDANO, FRUTTA A GUSCIO, SOIA e SENAPE.",Unknown,Unknown
8003073047158,Fantasia di funghi secchi misti,Unknown,Unknown,italy,Unknown,Unknown,Unknown,unknown,Unknown,Unknown,Unknown,Unknown,Unknown
8017596065933,Fantasia al cioccolato,"Dolciando, Eurospin","dairies, desserts, dairy-desserts",italy,Unknown,Eurospin,Unknown,d,4.0,Unknown,"TORTA CON CREMA AL CIOCCOLATO PRODOTTO DOLCIARIO DA FORNO Ingredienti: crema al cioccolato 30% [acqua, destrosio, zucchero, cioccolato 6% (corrispondente al 1,8% sul totale degli ingredienti - cacao, zucchero, cacao magro), cacao magro 4,5% (corrispondente al 1,4% sul totale degli ingredienti), amido modificato di patata, aromi, emulsionante: mono - e digliceridi degli acidi grassi], farina di GRANO tenero tipo &quot;00&quot;, miscela di oli e grassi: olio di semi girasole, BURRO, zucchero, UOVA da allevamento a terra, cacao in polvere 2,9%, fecola di patata, destrosio, sciroppo di glucosio-fruttosio, LATTE intero frescO pastorizzato, emulsionanti: mono - e digliceridi degli acidi grassi, aromi, amido di FRUMENTO, agenti lievitanti: difosfati, carbonati di sodio, carbonati d'ammonio, cioccolato 0,2% (pasta di cacao, zucchero, cacao magro in polvere), amido di riso, proteine del LATTE, sale, malto D'ORZO, Può contenere tracce di SOIA e FRUTTA A GUSCIO, Conservare in luogo fresco e asciutto, Dopo l'apertura conservare nella confezione originale e consumare entro pochi giorni, Da consumarsi preferibilmente entro il: vedi lato della confezione, Zua Sch pnz Ges, WEI Zuck Dext Emul Arom Natri (Kaka prote, SCHA Kühl u aufbev Minde VALORI NUTRIZIONALI MEDI PER DURCHSCHNITTLICHE NÄHRWERTE JE POVPREČNA HRANILNA VREDNOST NA *RI ,Assunzioni di Referenzmenge für Priporočenì vnosi za *Numero di porzic 75 g corrispondono 75 g ustreza približn %3D 100g %RI 75g&quot;| %RI* Energia /Energie/ Energijska vrednost 1589KJ 19% 1192 kJ 14%",Unknown,Unknown
8005525036383,Noce Moscata,Fantasie Aromatiche,Unknown,italy,Unknown,Unknown,Unknown,unknown,Unknown,Unknown,Unknown,Unknown,Unknown
8001120822277,INSALATA MISTA FANTASIA,Coop,"meals, prepared-salads",italy,Unknown,Coop,Unknown,a,3.0,Unknown,"Ortaggi (carote, indivia riccia, radicchio rosso, cicoria)",Unknown,Unknown
5449000289452,Fanta limonata,Fanta,"beverages-and-beverages-preparations, beverages, carbonated-drinks, sodas",italy,"metal, recyclable-metals, aluminium",Unknown,Unknown,c,4.0,Unknown,"Acqua, succo di &quot;Limone di Siracusa IGP&quot; da concentrato 12%, anidride carbonica, acidificante (acido citrico), edulcoranti (ciclammato di sodio, acesulfame K, sucralosio), conservante (sorbato di potassio), aromi naturali (agrumi), stabilizzanti (gomma d'acacia, esteri della glicerina della resina del legno).",Unknown,Unknown
8001420010916,Fantasia di risi,Gallo,"plant-based-foods-and-beverages, plant-based-foods, cereals-and-potatoes, seeds, cereals-and-their-products, cereal-grains, rices, aromatic-rices, black-rices",italy,Unknown,Unknown,Unknown,b,Unknown,Unknown,"Risi BLOND, VENERE E ROSSO",Unknown,Unknown
8053853630100,Fantasie di grano misto,Unknown,Unknown,italy,Unknown,Unknown,Unknown,unknown,Unknown,Unknown,Unknown,Unknown,Unknown
8008660160746,Confettura extra di Frutti di Bosco,"Fantasy, Menz & Gasser","plant-based-foods-and-beverages, plant-based-foods, breakfasts, spreads, plant-based-spreads, sweet-spreads, fruit-and-vegetable-preserves, jams",italy,Unknown,Unknown,Unknown,d,Unknown,Unknown,Unknown,Unknown,Unknown
8058669194877,Fantasia di legumi secchi,ARD Discount,Unknown,italy,Unknown,ARD Discount,Unknown,unknown,Unknown,Unknown,Unknown,Unknown,Unknown
8026396011859,Insalata Fantasia fine,"Mioorto, iperal","plant-based-foods-and-beverages, plant-based-foods, fruits-and-vegetables-based-foods, vegetables-based-foods, vegetables, fresh-foods, fresh-plant-based-foods, leaf-vegetables, fresh-vegetables, leaf-salads",italy,Unknown,iperal,Unknown,unknown,1.0,Unknown,"PAN DI ZUCCHERO, RADICCHIO ROSSO",Unknown,Unknown
8054187024689,Insalata fantasia,Terre e Gusti,Unknown,italy,Unknown,Unknown,Unknown,unknown,Unknown,Unknown,Unknown,Unknown,Unknown
8008245002065,Nutkao fantasia di cacao,Nutkao,"breakfasts, spreads, sweet-spreads",italy,Unknown,Unknown,Unknown,unknown,Unknown,Unknown,Unknown,Unknown,Unknown
0270639155611,FANTASIA DI MARE,Bofrost,Unknown,italy,Unknown,Unknown,Unknown,unknown,Unknown,Unknown,Unknown,Unknown,Unknown
5000112637977,Fanta exotic,Fanta,"beverages-and-beverages-preparations, plant-based-foods-and-beverages, beverages, plant-based-beverages, carbonated-drinks, fruit-based-beverages, sodas, fruit-sodas, sodas-with-exotic-fruits, sweetened-beverages",italy,"metal, recyclable-metals, aluminium",Unknown,Unknown,e,4.0,Unknown,"Kolsyrat vatten, socker, juice från koncentrat 3% (apelsin 2.6%, passionsfrukt 0.2% Bersika 0.22), citrusextrakt, syra (E330), frukt - och ransakskoncentrat (svartvinbär, morot, aronia, fläderbär. citron, safflor), naturliga aromer, stabiliseringsmedel E$45. E$14).",Unknown,Unknown
4251362159035,Sweet  fantasy,Unknown,Unknown,italy,Unknown,Unknown,Unknown,unknown,Unknown,Unknown,Unknown,Unknown,Unknown
8006280130132,Fantasia di legumi,Select,Unknown,italy,Unknown,Unknown,Unknown,unknown,Unknown,Unknown,Unknown,Unknown,Unknown
8013624009849,Le fantasiose mix per insalate,Cerreto,Unknown,italy,Unknown,Unknown,Unknown,unknown,Unknown,Unknown,Unknown,Unknown,Unknown
8012672001300,Cestino Fantasy,Unknown,Unknown,italy,Unknown,Unknown,Unknown,unknown,Unknown,Unknown,Unknown,Unknown,Unknown
8055118487689,vellutata di carciofi con patate Fantasia dell'orto,"Euroverde, fantasie dell'orto","plant-based-foods-and-beverages, plant-based-foods, fruits-and-vegetables-based-foods, meals, soups, cream-soups, vegetable-soups, cream-of-vegetable-soups",italy,"plastic, paper",Unknown,Unknown,unknown,3.0,Unknown,"Acqua, carciofi 25%, patate 21%, porri, olio extra vergine di oliva 1%, sale. Può contenere ANACARDI, Sedano.",Unknown,Unknown
5000112564136,Aranciata,Fanta,Unknown,italy,"metal, recyclable-metals, aluminium",Unknown,Unknown,unknown,Unknown,Unknown,Unknown,Unknown,Unknown
8055118489614,Fantasie dell'orto,Euroverde,"plant-based-foods-and-beverages, plant-based-foods, meals, soups",italy,Unknown,Unknown,Unknown,c,Unknown,Unknown,Unknown,Unknown,Unknown
8055118489379,Pasta e fagioli,"Euroverde, Fantasie dell'Orto","plant-based-foods-and-beverages, plant-based-foods",italy,Unknown,Unknown,Unknown,c,Unknown,Unknown,Unknown,Unknown,Unknown
8005525010000,pepe nero,Fantasie Aromatiche,Unknown,italy,Unknown,Unknown,Unknown,unknown,Unknown,Unknown,Unknown,Unknown,Unknown
8008660160722,Confettura Extra Ciliegia,"Fantasy, Menz & Gasser","plant-based-foods-and-beverages, plant-based-foods, breakfasts, spreads, plant-based-spreads, sweet-spreads, fruit-and-vegetable-preserves, jams, cherry-jams",italy,Unknown,Unknown,Unknown,d,Unknown,Unknown,Unknown,Unknown,Unknown
5449000230553,Fanta exotic,Fanta,Unknown,united-kingdom,Unknown,Unknown,Unknown,unknown,Unknown,Unknown,Unknown,Unknown,Unknown
8015854150407,Mini Fantasie a lievitazione naturale,"Gecchele, Il fornaio del casale",Unknown,italy,Unknown,Unknown,Unknown,unknown,Unknown,Unknown,Unknown,Unknown,Unknown
8024336014342,Fantasia Estiva di Riso con riso venere,Cereal terra,Unknown,italy,Unknown,Unknown,Unknown,unknown,Unknown,Unknown,Unknown,Unknown,Unknown
8001120834744,Fantasia di verdure in pastella surgelate,Coop,"it:verdura-in-pastella, it:v",italy,Unknown,Unknown,Unknown,b,4.0,Unknown,"Ortaggi in proporzione variabile 52% (zucchine, spinaci, cavolfiori, carote, peperoni, broccoli), Farina di mais, Acqua, Olio di semi di girasole, Farina di grano tenero tipo &quot;0&quot;, Sale, Aromi naturali, Può contenere soia, senape, uova, latte e derivati",Unknown,Unknown
54491397,Fanta zero sugar orange,Fanta,"beverages-and-beverages-preparations, plant-based-foods-and-beverages, beverages, plant-based-beverages, carbonated-drinks, fruit-based-beverages, artificially-sweetened-beverages, sodas, fruit-sodas, orange-soft-drinks, or",united-kingdom,"bottle-or-vial, bottle, pet-bottle",Unknown,Unknown,b,4.0,Unknown,"eing colourant (sunset yellow, ascorbic acid, bottled under authorityftret mater, citric acid, noon-mutrie smeeteners (acesulfame-k suoralose st tipical",Unknown,Unknown
8012672001409,Cono Fantasy,Unknown,Unknown,italy,Unknown,Unknown,Unknown,unknown,Unknown,Unknown,Unknown,Unknown,Unknown
0049000074857,Flavored soda,Fanta,Unknown,united-states,Unknown,Unknown,Unknown,unknown,Unknown,unknown,Unknown,10.5,Unknown
5449000289421,Fanta limonata,Fanta,"beverages-and-beverages-preparations, beverages, carbonated-drinks, sodas, unsweetened-beverages",italy,it:bottiglia-pet,Unknown,Unknown,c,4.0,Unknown,"Acqua, succo di &quot;Limone di Siracusa IGP&quot; da conc (12%), anidride carbonica, acidificante acido citrico, ciclammato di sodio, acesulfame K e sucralosio, conservante sorbato di potassio, aromi di agrumi, stabilizzanti gomma d'acacia ed esteri della glicerina della resina.",Unknown,Unknown
8055118489317,Minestrone con verdure e legumi,"Euroverde, Fantasie dell'Orto","plant-based-foods-and-beverages, plant-based-foods, fruits-and-vegetables-based-foods, meals, soups, vegetable-soups",italy,Unknown,Unknown,Unknown,b,Unknown,Unknown,Unknown,Unknown,Unknown
8004721450009,Mini ciock fantasy,Unknown,Unknown,italy,Unknown,Unknown,Unknown,unknown,Unknown,Unknown,Unknown,Unknown,Unknown
8003100915177,Insalata fantasiosa,Selex,Unknown,italy,Unknown,Unknown,Unknown,unknown,Unknown,Unknown,Unknown,Unknown,Unknown
8030582007328,Insalata gusto e fantasia,Primia,"meals, prepared-salads",italy,plastic,Unknown,Unknown,b,3.0,Unknown,"Ortaggi in proporzione variabile (cicoria pan di zucchero, carote, radicchio rosso tondo, indivia riccia, indivia scarola, rucola).",Unknown,Unknown
8015104005747,Ravioli artigianali ai funghi,Pastificio Fantasia,"meals, pasta-dishes, stuffed-pastas",italy,Unknown,Unknown,Unknown,c,Unknown,Unknown,Unknown,Unknown,Unknown
5449000298485,Fanta - aranciata,Fanta,"plant-based-foods-and-beverages, beverages, plant-based-beverages, carbonated-drinks, fruit-based-beverages, sodas, fruit-sodas, beverages-with-orange, sweetened-beverages",italy,bottiglia-pet,Unknown,"Mazara del Vallo,Trapani,Italia",c,4.0,Unknown,"Acqua, succo di arancia (12%), anidride carbonica, acidificante acido citrico, aromi naturali di agrumi, correttore di acidità citrato trisodico, edulcoranti ciclammato di sodio, acesulfame K e sucralosio, stabilizzante gomma d'acacia, antiossidante acido ascorbico",Unknown,Unknown
8005525036338,Cannella cinnamon,Fantasie Aromatiche,Unknown,italy,Unknown,Unknown,Unknown,unknown,Unknown,Unknown,Unknown,Unknown,Unknown
5449000275981,Aranciata,Fanta,Unknown,italy,it:bottiglia-pet,Unknown,Unknown,unknown,Unknown,Unknown,Unknown,Unknown,Unknown
80255222,Fantasie di zucchero,Unknown,Unknown,italy,Unknown,Unknown,Unknown,unknown,Unknown,Unknown,Unknown,Unknown,Unknown
8000976007029,Fantasia di semi,Unknown,Unknown,italy,Unknown,Unknown,Unknown,unknown,Unknown,Unknown,Unknown,Unknown,Unknown
8000965091749,fantasie,Consilia,Unknown,italy,Unknown,Unknown,Unknown,unknown,Unknown,Unknown,Unknown,Unknown,Unknown
5449000123442,Raison,Fanta,ro:suc,romania,plastic,Unknown,Unknown,unknown,Unknown,unknown,Unknown,8.3999996185303,34.0
8008660160777,Marmellata di pesche,"Fantasy, Menz & Gasser","plant-based-foods-and-beverages, plant-based-foods, breakfasts, spreads, plant-based-spreads, sweet-spreads, fruit-and-vegetable-preserves, jams",italy,Unknown,Unknown,Unknown,d,Unknown,Unknown,Unknown,Unknown,Unknown
42094555,Fanta,"Coca-Cola Company, Fanta",Unknown,italy,"glass, bottle",Unknown,Unknown,unknown,Unknown,Unknown,Unknown,Unknown,Unknown
8009611009237,Fantasia di verdure,Val Sole,Unknown,italy,Unknown,Unknown,Unknown,unknown,Unknown,Unknown,Unknown,Unknown,Unknown
8001300691174,Fantasia insalata mista,"Despar, Spar",Unknown,italy,Unknown,Spar,Unknown,unknown,Unknown,Unknown,Unknown,Unknown,Unknown
5449000274243,Fanta,Fanta,Unknown,italy,it:bottiglia-pet,Unknown,Unknown,unknown,Unknown,Unknown,Unknown,Unknown,Unknown
8032591058872,Misto fantasia,La casa de I Pasticcini,Unknown,italy,Unknown,Unknown,Unknown,unknown,Unknown,Unknown,Unknown,Unknown,Unknown
8002130204664,Fantasia integrale,"Riseria Vignola Giovanni S.p.A., Riso Vignola, Risovì","plant-based-foods-and-beverages, plant-based-foods, cereals-and-potatoes, seeds, cereals-and-their-products, cereal-grains, rices",italy,Unknown,Unknown,Unknown,b,Unknown,Unknown,Unknown,Unknown,Unknown
8012666024056,Fantasia di pepe,Carrefour,"plant-based-foods-and-beverages, plant-based-foods, condiments, spices, groceries",italy,Unknown,Unknown,Unknown,not-applicable,Unknown,Unknown,Unknown,Unknown,Unknown
8003170015937,Mini Fantasie,Conad,Unknown,italy,Unknown,Conad,Unknown,unknown,Unknown,Unknown,Unknown,Unknown,Unknown
8005525036680,Aromito mix piccante,Fantasie Aromatiche,Unknown,italy,Unknown,Unknown,Unknown,unknown,Unknown,Unknown,Unknown,Unknown,Unknown
8016026022119,Spiedini fantasia,Fileni,skewers,italy,Unknown,Unknown,Unknown,a,Unknown,Unknown,Unknown,Unknown,Unknown
0042238723627,Fantastic Mix,Haribo,"snacks, sweet-snacks, confectioneries",united-states,Unknown,Unknown,Unknown,d,4.0,unknown,"GLUCOSE SYRUP (FROM WHEAT OR CORN), SUGAR, GELATIN, DEXTROSE (FROM WHEAT OR CORN), CONTAINS LESS THAN 2% OF: CITRIC ACID, ARTIFICIAL AND NATURAL FLAVORS, SUNFLOWER OIL, WHITE BEESWAX, YELLOW BEESWAX, COLORED WITH FRUIT AND VEGETABLE JUICE, COLORED WITH SPIRULINA EXTRACT. MAY CONTAIN: WHEAT, TRACES OF MILK.",50.0,333.33333333333
8013624009481,Le fantasiose,Cerreto,Unknown,italy,Unknown,Unknown,Unknown,unknown,Unknown,Unknown,Unknown,Unknown,Unknown
8056098700317,Gallette fantasia di riso,Unknown,Unknown,italy,Unknown,Unknown,Unknown,unknown,Unknown,Unknown,Unknown,Unknown,Unknown
8018010050405,Barrette cioccofantasy,Unknown,"snacks, sweet-snacks, bars, cereal-bars",italy,Unknown,Unknown,Unknown,e,Unknown,Unknown,Unknown,Unknown,Unknown
8055118489607,Fantasie dell'orto,Euroverde,"plant-based-foods-and-beverages, plant-based-foods, meals, soups",italy,Unknown,Unknown,Unknown,c,Unknown,Unknown,Unknown,Unknown,Unknown
8033866610658,Fantasia di Gamberi Vongole e Zucchine,Iberia,Unknown,italy,Unknown,Unknown,Unknown,unknown,Unknown,Unknown,Unknown,Unknown,Unknown
54000933,Fanta,Fanta,Unknown,italy,it:bottiglia-pet,Unknown,Unknown,unknown,Unknown,Unknown,Unknown,Unknown,Unknown
5449000298188,Fanta arancia,Fanta,"plant-based-foods-and-beverages, beverages, plant-based-beverages, fruit-based-beverages",italy,it:bottiglia-pet,Unknown,Unknown,unknown,Unknown,Unknown,Unknown,Unknown,Unknown
3083680023993,Contorno fantasia,"Bonduelle, Bonduelle restauration",vegetables-unprepared-unprocessed-frozen,italy,Unknown,Unknown,Unknown,a,3.0,Unknown,"Green beans, carrots, wax beans 22%, prefried eggplants (eggplants 15%, sunflower oil), onions. May contain : CELERY",Unknown,Unknown
9310155003261,Crinkle Cut Snacks Flame Grilled Barbeque Flavour,Fantastic,Unknown,australia,Unknown,Unknown,Unknown,unknown,4.0,Unknown,"Rice Flour, Maize Starch, Flavour, Sugar, Salt, Maltodextrin, Flavour Enhancer, Hydrolysed Vegetable Protein, Vegetable Powders, Natural Flavour, Tomato Powder, Herbs and Spices, Yeast Extract, Anti-Caking Agent, Vegetable Oil, Dextrose, Vegetable Oil Antioxidant, Potato Starch, Potato Flakes, Preservative, Tapioca Starch, Bamboo Fibre, Sugar, Salt",Unknown,Unknown
8031738000101,Insalata fantasia,Unknown,Unknown,italy,Unknown,Unknown,Unknown,unknown,Unknown,Unknown,Unknown,Unknown,Unknown
8053853630049,Fantasie con semi di lino e girasole,Unknown,Unknown,italy,Unknown,Unknown,Unknown,unknown,Unknown,Unknown,Unknown,Unknown,Unknown
4260627980697,Fanta Strawberry & Kiwi,Unknown,Unknown,italy,"metal, recyclable-metals, aluminium",Unknown,Unknown,unknown,Unknown,Unknown,Unknown,Unknown,Unknown
4099200873121,Insalata di farro fantasia,Unknown,Unknown,italy,Unknown,Unknown,Unknown,unknown,Unknown,Unknown,Unknown,Unknown,Unknown
8031740010877,Fantasia,Unknown,Unknown,italy,Unknown,Unknown,Unknown,unknown,Unknown,Unknown,Unknown,Unknown,Unknown
8051884813349,Petit cake fantasia di mini maffin,Unknown,Unknown,italy,Unknown,Unknown,Unknown,unknown,Unknown,Unknown,Unknown,Unknown,Unknown
8055118489638,Vellutata di piselli e zucchine,"Euroverde, Fantasie dell'Orto","plant-based-foods-and-beverages, plant-based-foods, meals, soups",italy,Unknown,Unknown,Unknown,c,Unknown,Unknown,Unknown,Unknown,Unknown
5000112649932,Fanta Orange,Fanta,"beverages-and-beverages-preparations, plant-based-foods-and-beverages, beverages, plant-based-beverages, carbonated-drinks, fruit-based-beverages, artificially-sweetened-beverages, sodas, fruit-sodas, sweetened-beverages",united-kingdom,Unknown,Unknown,Unknown,d,4.0,Unknown,"Carbonated Water, Sugar, Orange Juice From Concentrate (3.7%), Citrus Fruit From Concentrate (1.3%), Acids (Citric Acid, Malic Acid), Vegetable Extracts (Carrot, Pumpkin), Sweeteners (Acesulfame K. Sucralose), Preservative (Potassium Sorbate), Acidity Regulator (Sodium Citrates), Stabiliser (Guar Gum), Natural Orange Flavourings With Other Natural Flavourings, Antioxidant (Ascorbic Acid).",Unknown,Unknown
4056489145141,Gelatelli Fantastic Fish Coco V VEGETARIAN One sco,Gelatelli,"desserts, frozen-foods, frozen-desserts, ice-creams-and-sorbets, ice-creams, ice-cream-tubs, Icecream tub",united-kingdom,Unknown,Unknown,Unknown,e,4.0,Unknown,"C Milk chocolate Ice cream wit 13 marshmallow sauce, 10% carame ace and 7,5% fish shaped cocoa pieces. egredients Whole Milk, Sugar, 16% Cream (Milk), Skimmed Milk, Glucose-Fructose Syrup, Water Jeetened Condensed Milk (Skimmed Milk, Sugar), 3% Cocoa Powder, Skimmed Milk Powder, Coconut Fat, Butter (Milk), Egg Yolk, 1.3% Fat Reduced Cocoa Powder, Gote Syrup, Acidity Regulator: Calcium Citrates; Maize Starch, Cocoa Mas Stabbers: Carrageenan, Guar Gum; Whole Milk Powder, Emulsifiers: Mono - and Pycerides of Fatty Acids, Lecithins (Soya); Milk Fat, Natural Flavourings, Co Buchet, Thickeners: Xanthan Gum, Locust Bean Gum; Salt, Natural Vanilla Flavouring Rainforest Alliance Certified. Find out more at ra.org.",Unknown,Unknown
5449000298669,Fanta,Fanta,Unknown,italy,it:bottiglia-pet,Unknown,Unknown,unknown,Unknown,Unknown,Unknown,Unknown,Unknown
8001364104214,Fantasia di funghi con porcini,Novella,"plant-based-foods-and-beverages, plant-based-foods, fruits-and-vegetables-based-foods, vegetables-based-foods",italy,Unknown,Unknown,Unknown,c,Unknown,Unknown,Unknown,Unknown,Unknown
5000112650037,Fanta zero sugar,Fanta,Unknown,united-kingdom,Unknown,Unknown,Unknown,unknown,Unknown,Unknown,Unknown,Unknown,Unknown
7613035553491,Pirulo fantasmikos,Nestlé,"desserts, frozen-foods, frozen-desserts",italy,Unknown,Unknown,Unknown,d,Unknown,Unknown,Unknown,Unknown,Unknown
8005100009979,Fantastia di funghi con porcini,"Freschi dall'Orto, Montalbano","plant-based-foods-and-beverages, plant-based-foods",italy,"composite-material, glass, plastic-tinplate, clear-glass",Unknown,Unknown,c,Unknown,Unknown,Unknown,Unknown,Unknown
9310155620543,Noodles,Fantastic,"plant-based-foods-and-beverages, plant-based-foods, dried-products, pastas, dried-products-to-be-rehydrated, noodles, instant-noodles",australia,Unknown,Woolworths,Unknown,unknown,Unknown,Unknown,Unknown,0.211,83.6
8001577001294,Fantastico party arachidi,Arsal,"plant-based-foods-and-beverages, plant-based-foods, legumes-and-their-products, legumes, nuts-and-their-products, nuts, peanuts",italy,Unknown,Unknown,Unknown,d,Unknown,Unknown,Unknown,Unknown,Unknown
0049000030754,Strawberry soda,Fanta,Unknown,united-states,Unknown,Unknown,Unknown,unknown,Unknown,Unknown,Unknown,Unknown,Unknown
5000112649918,Fanta fruit ywisy,"Fanta, Coca-Cola","beverages, sweetened-beverages",united-kingdom,Unknown,Unknown,Unknown,d,Unknown,Unknown,Unknown,Unknown,Unknown
8005525036451,Pepe nero,Fantasie Aromatiche,Unknown,italy,Unknown,Unknown,Unknown,unknown,Unknown,Unknown,Unknown,Unknown,Unknown
8051763013099,Fantasia di verdure con mais,Italy-D,Unknown,italy,Unknown,Unknown,Unknown,unknown,Unknown,Unknown,Unknown,Unknown,Unknown
0841905060214,Dark Fantasy Choco Meltz,Sunfeast,Unknown,united-states,Unknown,Unknown,Unknown,unknown,Unknown,unknown,Unknown,40.0,16.0
8023788022196,Fantastic burger,Vegamo,"plant-based-foods-and-beverages, plant-based-foods",italy,Unknown,Unknown,Unknown,d,Unknown,Unknown,Unknown,Unknown,Unknown
07522727,Fanta,Unknown,Unknown,united-states,Unknown,Unknown,Unknown,unknown,Unknown,unknown,Unknown,12.0,4.8
8005525037359,Cinnamon,Fantasie aromatiche,"plant-based-foods-and-beverages, plant-based-foods, condiments, spices, cinnamon",italy,Unknown,Unknown,Unknown,not-applicable,Unknown,Unknown,Unknown,Unknown,Unknown
8011407010587,Fantasie ai semi di lino,Ciro Amodio,Unknown,italy,Unknown,Unknown,Unknown,unknown,Unknown,Unknown,Unknown,Unknown,Unknown
38355349,Pirulo fantasmikos,Motta,Unknown,italy,Unknown,Unknown,Unknown,unknown,Unknown,Unknown,Unknown,Unknown,Unknown
5449000256621,Fanta citron,Fanta,"beverages-and-beverages-preparations, plant-based-foods-and-beverages, beverages, plant-based-beverages, carbonated-drinks, fruit-based-beverages, sodas, fruit-sodas",romania,Unknown,Unknown,Unknown,b,Unknown,not-applicable,Unknown,0.1,9.0
5449000021076,Fanta Orange Zero,Fanta,"beverages-and-beverages-preparations, plant-based-foods-and-beverages, beverages, plant-based-beverages, carbonated-drinks, fruit-based-beverages, sodas, fruit-sodas",romania,Unknown,Unknown,Unknown,b,Unknown,Unknown,Unknown,0.3,9.0
9310155002141,Noodles chicken,Fantastic,"plant-based-foods-and-beverages, plant-based-foods, dried-products, pastas, dried-products-to-be-rehydrated, noodles, instant-noodles",australia,Unknown,Unknown,Unknown,unknown,Unknown,Unknown,Unknown,0.8,94.4
0049000051049,16 Fl Oz,Fanta,Unknown,united-states,Unknown,Unknown,Unknown,unknown,Unknown,unknown,Unknown,81.0,300.0
9310645308234,Fantasy cupcjes,Coles,Unknown,australia,Unknown,Coles,Unknown,unknown,Unknown,Unknown,Unknown,Unknown,426.0
8024336000147,Fantariso,Cereal terra,Unknown,italy,Unknown,Unknown,Unknown,unknown,Unknown,Unknown,Unknown,Unknown,Unknown
8054242542196,Fantasia di mare,Eurofresh,Unknown,italy,Unknown,Unknown,Unknown,unknown,Unknown,Unknown,Unknown,Unknown,Unknown
0049000053746,orange fanta,Fanta,Unknown,united-states,Unknown,Unknown,Unknown,unknown,4.0,Unknown,"carbonated water, high fructose corn syrup, less than 2% of: citric acid natural flavors, sodium benzoate (to protect taste), modified food starch glycerol ester of rosin, yellow 6, red 40. caffeine free 100% natural flavors",Unknown,Unknown
0049000046656,Orange soda,"Fanta,",Unknown,united-states,Unknown,Unknown,Unknown,unknown,Unknown,Unknown,Unknown,12.1127,45.0704
0049000050271,Strawberry Fanta,Fanta,Unknown,united-states,Unknown,Unknown,Unknown,unknown,4.0,Unknown,"carbonated water, high fructose corn syrup, natural flavors, citric acid, sodium benzoate, red 40",Unknown,Unknown
0049000081305,Fanta piña colada,Fanta,Unknown,united-states,Unknown,Unknown,Unknown,unknown,4.0,Unknown,"on facts contains no juice carbonated water, high er container fructose corn syrup, natural 02 (360 ml) flavors, malic acid, modified 12 f oz 14 food starch, potassium sorbate and sodium benzoate (to protect taste), sucrose sip &sca caffeine free 18% www.fanta.com scan here for more food information please recycle manicba",10.277777777778,38.888888888889
8001091003460,Quinoa Rossa Fantasia di verdure,Germinal,Unknown,italy,Unknown,Unknown,Unknown,unknown,Unknown,Unknown,Unknown,Unknown,Unknown
8001120747273,Zuppa fantasia biologica,Vivi Verde,"plant-based-foods-and-beverages, plant-based-foods, legumes-and-their-products, cereals-and-potatoes, legumes, seeds, cereals-and-their-products, legume-seeds, cereal-grains, barley, wheats, emmer-wheats",italy,Unknown,Unknown,Unknown,a,1.0,Unknown,"ZUPPA FANTASIA BIOLOGICA MISCELA DI LEGUMI E CEREALI BIOLOGICA Ingedienti: grano farro perlato secco&quot;, orzo perlato secco, lenticchie verdi piccole secche*, lenticchie rosse secche*, lenticchie rosse decorticate secche*, lenticchie gialle decorticate secche, piselli verdi spezzati secchi&quot;, lenticchie verdi grandi secche*. *Biologici.",Unknown,Unknown
9300605096837,Fantales Family Size,Nestlé,Unknown,australia,Unknown,Kmart,Unknown,unknown,4.0,unknown,"portions 加 br mony s 从心 good food, good life® nestlé limited, 12-16 1010 zealan ake approx 3 fantales keaveragequantity per serving serving 380kj ergy protein fat, total saturated carbohydrate 1479 - sugars sodium 4% 1% 5% 2% 5% 12% % 00l 8 20g 6el dull our keep the smiles going by enjoying the right portion combined with physical activity contains no artificial colours. 3 fantales® children less then 4 vears heve imited chewng ability and coud chóke on smal pieces. one serve nutritional compass® ingredients. glucose syrup, sugar, sweetened condensed milk (milik, sugar), vegetable fat [emulsifiers sorbitan tristearate, soy lecithin]), milk solids, invert sugar, cocoa^, salt emulsifier (soy lecithin), flavour. contains milk and soy. may contain tree nuts. product contains 73% caramel and 27% compound chocolate. made in australia. store cool and dry. arainforest alliance certifiedm cocoa. find out more at ra.org confectionery itm nestle. in australia call 1800 025 361 www.nestle.com.au nestlé australia ltd, 1 homebush bay dr, rhodes nsw 2138, australia. in new zealand 0800 830 840 www.nestle.co.nz good to talk nesnicholls lane, parnell, auckland, 1010 new zealan bag",44.4,363.28872
8019514070609,Fantasia di verdure,Bennet,Unknown,italy,Unknown,Bennet,Unknown,unknown,Unknown,Unknown,Unknown,Unknown,Unknown
0049000030730,Orange soda,"Fanta,Coca-Cola","beverages-and-beverages-preparations, beverages, carbonated-drinks, sodas, sweetened-beverages",united-states,Unknown,Unknown,Unknown,e,4.0,Unknown,"CARBONATED WATER, HIGH FRUCTOSE CORN SYRUP, CITRIC ACID, SODIUM BENZOATE (TO PROTECT TASTE), NATURAL FLAVORS, MODIFIED FOOD STARCH, SODÌUM POLYPHOSPHATES, GLYCEROL ESTER OF ROSIN, YELLOW 6, RED 40.",Unknown,Unknown
4062400028004,Fanta Lemon,Fanta,Unknown,united-kingdom,glass-bottle,Unknown,Unknown,unknown,Unknown,unknown,Unknown,Unknown,Unknown
5449000303547,Fanta con limone e sambuco,Fanta,Unknown,italy,it:bottiglia-pet,Unknown,Unknown,unknown,Unknown,Unknown,Unknown,Unknown,Unknown
5449000299161,Fanta senza zuccheri aggiunti,Fanta,Unknown,italy,Unknown,Unknown,Unknown,unknown,Unknown,Unknown,Unknown,Unknown,Unknown
5449000147172,Fanta Orange,Fanta,Unknown,italy,Unknown,Unknown,Unknown,unknown,Unknown,Unknown,Unknown,Unknown,Unknown
8008660772130,Confettura extra Fantasy,"Fantasy, Menz & Gasser","breakfasts, spreads, sweet-spreads",italy,Unknown,Unknown,Unknown,d,Unknown,Unknown,Unknown,Unknown,Unknown
8005525036499,Peperoncino,Fantasie Aromatiche,Unknown,italy,Unknown,Unknown,Unknown,unknown,Unknown,Unknown,Unknown,Unknown,Unknown
39424556,Nutella,Fanta,Unknown,italy,Unknown,Unknown,Unknown,unknown,Unknown,Unknown,Unknown,Unknown,Unknown
8025797060107,Funghi fantasia di bosco 4 varietà,Unknown,Unknown,italy,Unknown,Unknown,Unknown,unknown,Unknown,Unknown,Unknown,Unknown,Unknown
8028129003216,Musli fantasia croccante al farro integrale,Viologic,Unknown,italy,Unknown,Unknown,Unknown,unknown,Unknown,Unknown,Unknown,Unknown,Unknown
0841905060016,Dark Fantasy Choco Fills LUXURIA,Sunfeast,Unknown,united-states,Unknown,Unknown,Unknown,unknown,Unknown,unknown,Unknown,36.0,520.0
8006476110061,Fantasy Tartufo,Gelati Royal,"desserts, frozen-foods, frozen-desserts, ice-creams-and-sorbets, ice-creams",italy,Unknown,Unknown,Unknown,d,Unknown,Unknown,Unknown,Unknown,Unknown
5449000298652,Fanta  zero zuccheri,Fanta,Unknown,italy,"plastic, hdpe-high-density-polyethylene, it:bottiglia-pet",Unknown,Unknown,unknown,Unknown,Unknown,Unknown,Unknown,Unknown
8031738040008,Fantasia,Unknown,Unknown,italy,Unknown,Unknown,Unknown,unknown,Unknown,Unknown,Unknown,Unknown,Unknown
8002970116301,Mix funghi fantasia,Unknown,Unknown,italy,Unknown,Unknown,Unknown,unknown,Unknown,Unknown,Unknown,Unknown,Unknown
8009710001903,Rom Fantasia,Valdoglio,"beverages, alcoholic-beverages",italy,Unknown,Unknown,Unknown,not-applicable,Unknown,Unknown,Unknown,Unknown,Unknown
8000003058529,Fantasia di verdure,Nattùra,Unknown,italy,Unknown,Unknown,Unknown,unknown,Unknown,Unknown,Unknown,Unknown,Unknown
8001300437505,FANTASIA DI FAGIOLI,"Despar, Spar",Unknown,italy,Unknown,Unknown,Unknown,unknown,Unknown,Unknown,Unknown,Unknown,Unknown
4099200873114,Insalatadi riso FANTASIA,Unknown,Unknown,italy,Unknown,Unknown,Unknown,unknown,Unknown,Unknown,Unknown,Unknown,Unknown
0049000545432,Fanta,Fanta,"beverages, carbonated-drinks, sodas",united-states,Unknown,Unknown,Unknown,unknown,Unknown,Unknown,Unknown,Unknown,Unknown
4059699171207,Fantasia mediterranea,Unknown,Unknown,italy,Unknown,Unknown,Unknown,unknown,Unknown,Unknown,Unknown,Unknown,Unknown
0397269153760,Fantasia di pollo e peperoni,Unknown,Unknown,italy,Unknown,Unknown,Unknown,unknown,Unknown,Unknown,Unknown,Unknown,Unknown
5449000256751,Aranciata rossa,Fanta,"beverages-and-beverages-preparations, plant-based-foods-and-beverages, beverages, plant-based-beverages, fruit-based-beverages, beverages-with-orange",italy,Unknown,Unknown,Unknown,d,4.0,Unknown,"Acqua, succo di &quot;Arancia Rossa di Sicilia IGP&quot; da concentrato (20%), anidride carbonica, acidificanti: acido citrico e acido malico, estratto di patata dolce, cartamo, carota e ciliegia, aromi naturali di agrumi, correttore di acidità: gluconato di sodio, edulcoranti: ciclammato di sodio, acesulfame K e sucralosio, conservante: sorbato di potassio, antiossidante: acido ascorbico.",Unknown,Unknown
5449000011312,Fanta orange,Fanta,Unknown,united-kingdom,Unknown,Unknown,Unknown,unknown,Unknown,Unknown,Unknown,Unknown,Unknown
5000112644876,Fanta Grape,Fanta,Unknown,united-kingdom,Unknown,Unknown,Unknown,unknown,Unknown,Unknown,Unknown,Unknown,Unknown
8005695008074,Insalatella - fantasia di verdure,Unknown,Unknown,italy,Unknown,Unknown,Unknown,unknown,Unknown,Unknown,Unknown,Unknown,Unknown
9310036074649,fantale custard,Unknown,Unknown,australia,Unknown,Unknown,Unknown,unknown,4.0,unknown,"noion ving size: 170 g cream, milk solids. thickener per 100 g (1442, from 637 kj (152 cal) tapioca), cocoa (1.5%). flavours, stabilisers (407, 452,412,415. 410). 18.5g 4mg 113 mg rary intake in en 1°c and 5 °c. 8112493 nol reg. est. no. 677",Unknown,Unknown
8005525036444,Pepe,Fantasie Aromatiche,Unknown,italy,Unknown,Unknown,Unknown,unknown,Unknown,Unknown,Unknown,Unknown,Unknown
8004263910634,Contorno fantasia,Pam Panorama,Unknown,italy,Unknown,Unknown,Unknown,unknown,Unknown,Unknown,Unknown,Unknown,Unknown
8023788022745,Fantastic burger,Vegamo,"plant-based-foods-and-beverages, plant-based-foods",italy,Unknown,Unknown,Unknown,d,Unknown,Unknown,Unknown,Unknown,Unknown
3083680678407,Contorno Fantasia,"Bonduelle, Bonduelle restauration",vegetables-unprepared-unprocessed-frozen,italy,Unknown,Unknown,Unknown,a,4.0,Unknown,"Green zucchini, carrots, prefried potatoes 30% (potatoes, sunflower oil, stabiliser : E450). May contain : CELERY",Unknown,Unknown
8032727111433,Farfalle Fantasia,Natura Amica,"plant-based-foods-and-beverages, plant-based-foods, pastas",italy,Unknown,Unknown,Unknown,unknown,Unknown,Unknown,Unknown,Unknown,Unknown
9310155004510,Delites Honey Soy Chicken,Fantastic,"snacks, salty-snacks, appetizers, biscuits-and-crackers, crackers-appetizers",australia,Unknown,Unknown,Unknown,d,4.0,Unknown,"rice flour (53%), maize starch, seasoning (sugar, glucose, salt, natural flavours, maltodextrin, soy sauce powder, tapioca dextrin, onion powder, chicken powder, dextrin, corn starch, chicken fat, caramelised sugar, gelling agent (e508), anticaking agent (e551), colours (e150a, e160c, e141), spice, natural flavours, emulsifier (e433), thickener (e414), vegetable oil (antioxidant (e320)), potato starch, potato flakes (preservative (e222), tapioca starch, bamboo fibre, sugar, salt. contains: soy, sulphites. may contain traces of: milk, sesame. 216mg",Unknown,Unknown
5000112625240,fanta exotic,Fanta,Unknown,italy,it:bottiglia-pet,Unknown,Unknown,unknown,Unknown,Unknown,Unknown,Unknown,Unknown
5449000045317,Fanta,Fanta,Unknown,united-kingdom,Unknown,Unknown,Unknown,unknown,Unknown,Unknown,Unknown,Unknown,Unknown
8005525037434,CIPOLLA IN POLVERE,Fantasie Aromatiche,Unknown,italy,Unknown,Unknown,Unknown,unknown,Unknown,Unknown,Unknown,Unknown,Unknown
8008660890025,Confiture extra d'Abricot,"FANTASY, Fantasy, Menz & Gasser","plant-based-foods-and-beverages, plant-based-foods, fruits-and-vegetables-based-foods, breakfasts, spreads, fruits-based-foods, plant-based-spreads, sweet-spreads, fruit-and-vegetable-preserves, jams, apricot-jams",italy,Unknown,Unknown,Unknown,d,4.0,Unknown,"abricot, sucre, sirop de glucose-fructose, gélifiant : pectine, Correcteur d'acidité : acide citrique et citrate de calcium.",Unknown,Unknown
8015167005197,Vaschetta crema,Gusto e fantasia,"desserts, frozen-foods, frozen-desserts",italy,Unknown,Unknown,Unknown,d,Unknown,Unknown,Unknown,Unknown,Unknown
9310155001199,Rice Crackers Sweet Chilli & Sour Cream Flavour,Fantastic,"snacks, salty-snacks, appetizers, biscuits-and-crackers, crackers-appetizers",australia,Unknown,Unknown,Unknown,unknown,4.0,Unknown,"crackers are an irresistible snack be enjoyed anytime, anywhere. eir own, or with a tasty dip or topping u can rely on fantastic rice cracker or gredhs: rict i1our (84%), seasoning (sugar, salt. sour cream powder, flavour, spices, flavour enhancers (621,635), maltodextrin, food acids (262, 330), onion powder, garlic powder, yeast extract, anticaking agent (551)), sunflower oil (antioxidant (320)), sugar, salt. contains milk. may contain traces of soy and sesame.",Unknown,Unknown
8033866611099,"Fantasia gamberi, vongole e zucchine",Unknown,Unknown,italy,Unknown,Unknown,Unknown,unknown,Unknown,Unknown,Unknown,Unknown,Unknown
8054633400036,Fantasie di cereali,Unknown,Unknown,italy,Unknown,Unknown,Unknown,unknown,Unknown,Unknown,Unknown,Unknown,Unknown
5449000151087,Fanta Zero Orange 8pk,Coca cola,"beverages-and-beverages-preparations, beverages, artificially-sweetened-beverages, diet-beverages",united-kingdom,Unknown,Unknown,Unknown,unknown,4.0,Unknown,"Carbonated Water, Orange Juice From Concentrate (42), Acids Citric Acid. Malic Acid). Sweeteners Cyclamates, Acesulfame-K. Sucralose, Stevial Glycosides From Stevia. Nechesperidine DC). Natural Orange Favouring With Other Natural Flavourings, Preservative (Potassium Sorbate). Antioxidant (Ascorbic Acid), Stabiliser (Guar Gum). Colour (Carotenes).",Unknown,Unknown
8032154100949,Cioco fantasy,Unknown,Unknown,italy,Unknown,Unknown,Unknown,unknown,Unknown,Unknown,Unknown,Unknown,Unknown
9310155010948,lightly salted sweet potato chips,Fantastic,Unknown,australia,Unknown,Unknown,Unknown,unknown,Unknown,unknown,Unknown,2.8,310.8
5449000054814,Fanta,Fanta,Unknown,italy,Unknown,Unknown,Unknown,unknown,Unknown,Unknown,Unknown,Unknown,Unknown
3481291017040,TRUFFES FANTAISIE,Mathez,"snacks, sweet-snacks, cocoa-and-its-products, confectioneries, chocolate-candies, bonbons, chocolate-truffles",italy,Unknown,Unknown,Unknown,e,Unknown,Unknown,Unknown,Unknown,Unknown
0089087157562,Tropical Fantasy Grape,Unknown,food,united-states,Unknown,Unknown,Unknown,b,Unknown,Unknown,Unknown,5.8333333333333,20.833333333333
8005525036130,Rosmarino,Fantasie Aromatiche,Unknown,italy,Unknown,Unknown,Unknown,unknown,Unknown,Unknown,Unknown,Unknown,Unknown
8002590073084,Fantasie golose,Sapori,"snacks, sweet-snacks, biscuits-and-cakes, confectioneries, pastries",italy,Unknown,Unknown,Unknown,e,Unknown,Unknown,Unknown,Unknown,Unknown
5449000302601,Fanta Lemon,Fanta,Unknown,united-kingdom,pet-bottle,Unknown,Unknown,unknown,Unknown,unknown,Unknown,Unknown,Unknown
8005525037267,Prezzemolo,Fantasie Aromatiche,Unknown,italy,Unknown,Unknown,Unknown,unknown,Unknown,Unknown,Unknown,Unknown,Unknown
8002590068196,Fantasie classiche,Sapori,"snacks, sweet-snacks, biscuits-and-cakes, pastries",italy,Unknown,Unknown,Unknown,e,Unknown,Unknown,Unknown,Unknown,Unknown
49333336,Fanta,Fanta,Unknown,united-states,Unknown,Unknown,Unknown,unknown,Unknown,unknown,Unknown,13.0,54.0
5449000152961,"Fanta struguri 2,5 L",Unknown,Unknown,romania,Unknown,Unknown,Unknown,unknown,Unknown,unknown,Unknown,Unknown,Unknown
8000965091619,Fantasie,Consilia,Unknown,italy,Unknown,Unknown,Unknown,unknown,Unknown,Unknown,Unknown,Unknown,Unknown
8006063900983,Fantasy dream,Polini,"beverages, alcoholic-beverages",italy,Unknown,Unknown,Unknown,not-applicable,Unknown,Unknown,Unknown,Unknown,Unknown
8058774180475,Spiedino fantasy,Unknown,Unknown,italy,Unknown,Unknown,Unknown,unknown,Unknown,Unknown,Unknown,Unknown,Unknown
3083681145595,Fantasia di verdure,Bonduelle,"plant-based-foods-and-beverages, plant-based-foods, fruits-and-vegetables-based-foods, vegetable-based-foods-and-beverages, canned-foods, vegetables-based-foods, canned-plant-based-foods, canned-vegetables, vegetables-prepared-processed-shelf-stable",italy,Unknown,Unknown,Unknown,a,4.0,Unknown,"Vegetables (carrots, peas, green beans, potatoes, flageolet beans), water, salt, natural flavouring, natural CELERY flavouring with others natural flavourings",Unknown,Unknown
9300675087018,No sugar fanta orange,Fanta,Unknown,australia,Unknown,"Coles,Woolworths,Drakes",Unknown,unknown,Unknown,Unknown,Unknown,0.0,1.0
2858367002377,Primosale fantasia,Unknown,Unknown,italy,Unknown,Unknown,Unknown,unknown,Unknown,Unknown,Unknown,Unknown,Unknown
0049000030761,Pineapple,Fanta,Unknown,united-states,card-box,Unknown,Unknown,unknown,Unknown,Unknown,Unknown,Unknown,Unknown
5070000358703,Double Chocolate Cereal,cryspy fantasy,Unknown,united-kingdom,Unknown,Unknown,Unknown,unknown,4.0,Unknown,"THE FUN PART Take our word for it - this is all good stuff. But if you're the trust-but-verify type, have a peek at what's inside. INGREDIENTS Corn Flour, Soy Protein, Organic Agave Syrup, Rapeseed Oil, Inulin (from chicory root), Unsweetened Cocoa Powder, Soy Lecithin, Natural Chocolate Flavour, Pea Starch, Pea Protein, Avocado Oil, Salt, Stevia. For allergens, see ingredients in bold. NUTRITIONAL INFORMATION Typical values Energy Fat of which cature per 100 g 403 kcal 1688 kJ 13.0 g per 30g serving 121 kcal 506 kJ 3.9 g",Unknown,Unknown
0687385000032,Fanta,Fanta,Unknown,united-states,Unknown,Unknown,Unknown,unknown,Unknown,unknown,Unknown,Unknown,Unknown
5000112649901,fanta grape,Fanta,"beverages, carbonated-drinks, sodas",united-kingdom,Unknown,Unknown,Unknown,b,Unknown,Unknown,Unknown,Unknown,Unknown
9310155010931,beetroot crackers,Fantastic,Unknown,australia,Unknown,Unknown,Unknown,unknown,Unknown,unknown,Unknown,2.4,315.6
9300675090544,Fanta Tropical,Unknown,Unknown,australia,Unknown,Unknown,Unknown,unknown,Unknown,unknown,Unknown,47.0,200.0
8017376000406,Fantapiada,Unknown,Unknown,italy,Unknown,Unknown,Unknown,unknown,Unknown,Unknown,Unknown,Unknown,Unknown
93566216,Fanta,Fanta,Unknown,australia,Unknown,Unknown,Unknown,unknown,Unknown,unknown,Unknown,0.0,2.3
9310155680509,Oriental noods,Fantastic,"plant-based-foods-and-beverages, plant-based-foods, dried-products, pastas, dried-products-to-be-rehydrated, noodles, instant-noodles",australia,Unknown,"Woolworths, Coles",Unknown,unknown,4.0,Unknown,"noodles: wheat flour, vegetable oil (antioxidant (320) salt flavour sachet: salt, maltodextrin, flavour enhancers (621, 635), sugar, flavour (soy), herbs & spices, soy sauce powder (soy, wheat), colour (150c), anticaking agent (551). vegetable sachet: dehydrated vegetables. contains: wheat, soy. may contain traces of: crustacea, fish, milk, sesame.",0.711,93.1
0048256215106,fanta fruit twist,Fanta,Unknown,united-kingdom,Unknown,Unknown,Unknown,unknown,Unknown,Unknown,Unknown,Unknown,Unknown
8006063900945,Fantasy Dream Crema Liquore Cioccolato,Polini,"beverages, alcoholic-beverages",italy,Unknown,Unknown,Unknown,not-applicable,Unknown,Unknown,Unknown,Unknown,Unknown
8053323642220,Fantasia di verdure,Unknown,Unknown,italy,Unknown,Unknown,Unknown,unknown,Unknown,Unknown,Unknown,Unknown,Unknown
8052789532373,La frutta fantasia tropicale,"Frosta, La valle degli orti",frozen-foods,italy,Unknown,Unknown,Unknown,c,Unknown,Unknown,Unknown,Unknown,Unknown
8033520544442,Fantasie dell'orto,MaxiDì,Unknown,italy,Unknown,DPiù,Unknown,unknown,Unknown,Unknown,Unknown,Unknown,Unknown
8003828130319,Funghi fantasia,Unknown,Unknown,italy,Unknown,Unknown,Unknown,unknown,Unknown,Unknown,Unknown,Unknown,Unknown
8005100010005,Fantasia di funghi con porcini,"Montalbano, Uliveto del sapore","plant-based-foods-and-beverages, plant-based-foods, fruits-and-vegetables-based-foods, vegetables-based-foods, mushrooms-and-their-products, mushrooms",italy,"composite-material, glass, plastic-tinplate, clear-glass",Unknown,Unknown,b,Unknown,Unknown,Unknown,Unknown,Unknown
0049000547184,Unknown,Fanta,beverages,united-states,Unknown,Unknown,Unknown,unknown,Unknown,unknown,Unknown,0.0,0.0
8003100838919,Fantasia La Natura,"Selex, Vale",Unknown,italy,Unknown,Unknown,Unknown,unknown,Unknown,Unknown,Unknown,Unknown,Unknown
26597539,Fantasia di  datteri,Unknown,Unknown,italy,Unknown,Unknown,Unknown,unknown,Unknown,Unknown,Unknown,Unknown,Unknown
8002895041405,Fantasi di sapori,Crai,Unknown,italy,Unknown,Crai,Unknown,unknown,Unknown,Unknown,Unknown,Unknown,Unknown
8005525009561,Zenzero,Fantasie Aromatiche,Unknown,italy,Unknown,Unknown,Unknown,unknown,Unknown,Unknown,Unknown,Unknown,Unknown
0089087157821,Tropical Fantasy,Unknown,Unknown,united-states,Unknown,Unknown,Unknown,unknown,Unknown,unknown,Unknown,5.0704225352113,21.12676056338
9310155562621,Hokkien thin fresh noodles,Fantastic,"plant-based-foods-and-beverages, plant-based-foods, cereals-and-potatoes, cereals-and-their-products, pastas, noodles",australia,Unknown,Woolworths,Unknown,b,4.0,Unknown,"TIO FORMATION g per package ng Size: 1374 gy en total saturated Carbohydrate sugars Sodium Average quantity Average quantity per serving 1020k per 100g 747KJ 8.90 6.5g 2.1g 1.5g 0.3g 0.2g 33.39 45.6g 0.69 0.8g 160mg 219mg Above figures relate to product when prepared according to directions INGREDIENTS Wheat Flour, Water, Wheat Gluten, Salt, Colours (Carotene, Annatto, Turmeric), Vegetable Oil (Canola). CONTAINS: Wheat, Gluten. Store refrigerated at or Jolow C 03 pm 192 Ma In romat Austr Austits be dispose of Paging thoughtfully 307 BY",Unknown,Unknown
5000112584370,Fanta Exotic,Fanta,"beverages-and-beverages-preparations, beverages, carbonated-drinks, sodas",italy,Unknown,Unknown,Unknown,e,Unknown,Unknown,Unknown,Unknown,Unknown
8013624009450,Le fantasie canapa lino e chia,Cerreto,Unknown,italy,Unknown,Unknown,Unknown,unknown,Unknown,Unknown,Unknown,Unknown,Unknown
8022798013866,Misto frutta secca ricoperto cioccolato fantasy,Dattilo,"plant-based-foods-and-beverages, plant-based-foods, snacks",italy,Unknown,Unknown,Unknown,unknown,Unknown,Unknown,Unknown,Unknown,Unknown
4902102146074,Fanta peach,Fanta,beverages,united-states,Unknown,Unknown,Unknown,c,Unknown,unknown,Unknown,5.8536585365854,24.0
36009053,Fanta,Fanta,beverages,united-kingdom,Unknown,Unknown,Unknown,unknown,Unknown,Unknown,Unknown,Unknown,Unknown
59037767,Fantasia,Unknown,Unknown,united-kingdom,Unknown,Unknown,Unknown,unknown,Unknown,Unknown,Unknown,Unknown,Unknown
0651433241715,Fantasy sour belts,Unknown,"snacks, sweet-snacks, confectioneries",united-states,Unknown,Unknown,Unknown,e,Unknown,unknown,Unknown,53.125,343.75
8029678001203,mix fantasy,Terravecchia,"plant-based-foods-and-beverages, plant-based-foods",italy,Unknown,Unknown,Unknown,b,Unknown,Unknown,Unknown,Unknown,Unknown
8000965091213,Pasta all'uovo Fantasie,Consilia,"plant-based-foods-and-beverages, plant-based-foods, cereals-and-potatoes, cereals-and-their-products",italy,Unknown,Unknown,Unknown,unknown,Unknown,Unknown,Unknown,Unknown,Unknown
5449000309433,Fanta,Fanta,beverages,united-kingdom,Unknown,Unknown,Unknown,unknown,Unknown,Unknown,Unknown,Unknown,Unknown
8005525036635,preparato per arrosti e grigliate,Fantasie Aromatiche,Unknown,italy,Unknown,Unknown,Unknown,unknown,Unknown,Unknown,Unknown,Unknown,Unknown
0026169038524,Sweet Sunrise,Body Fantasies,Unknown,united-states,Unknown,Unknown,Unknown,unknown,Unknown,unknown,Unknown,Unknown,Unknown
8008660094003,Sapori di stagione,"Fantasy, Menz & Gasser","plant-based-foods-and-beverages, plant-based-foods, breakfasts",italy,Unknown,Unknown,Unknown,d,Unknown,Unknown,Unknown,Unknown,Unknown
9300675057974,Fanta orange,Fanta,beverages,australia,Unknown,Unknown,Unknown,unknown,Unknown,Unknown,Stare in a cool place out of direct sunlight. Colour variatio may occur as natural colour is used in this project For,7.2,30.4
8006210920086,Frollini Fantasia,Baroni,"snacks, sweet-snacks, biscuits-and-cakes, biscuits",italy,Unknown,Unknown,Unknown,d,Unknown,Unknown,Unknown,Unknown,Unknown
8033776534785,Fantasia di cereali,Unknown,Unknown,italy,Unknown,Unknown,Unknown,unknown,Unknown,Unknown,Unknown,Unknown,Unknown
8006853002101,Fanta,Unknown,beverages,italy,Unknown,Unknown,Unknown,e,Unknown,Unknown,Unknown,Unknown,Unknown
8003100001719,Fantasia di semi biologici,Selex,"plant-based-foods-and-beverages, plant-based-foods, seeds",italy,Unknown,Unknown,Unknown,unknown,Unknown,Unknown,Unknown,Unknown,Unknown
8005525036345,Chiodi Di Garofano,Fantasie Aromatiche,Unknown,italy,Unknown,Unknown,Unknown,unknown,Unknown,Unknown,Unknown,Unknown,Unknown
8008660094010,Sapori di Stagione,"Fantasy, Menz & Gasser","plant-based-foods-and-beverages, plant-based-foods, breakfasts",italy,Unknown,Unknown,Unknown,d,Unknown,Unknown,Unknown,Unknown,Unknown
0855675008291,Le Fantastique Belgian Waffle Mix,Unknown,Unknown,united-states,Unknown,Unknown,Unknown,unknown,Unknown,unknown,Unknown,13.0,400.0
8019514070593,Fantasia di verdure,Bennet,plant-based-foods-and-beverages,italy,Unknown,Bennet,Unknown,b,Unknown,Unknown,Unknown,Unknown,Unknown
5449000309426,Fanta Strawberry & Kiwi,Fanta,"beverages, carbonated-drinks, sodas",united-kingdom,pet-bottle,Unknown,Unknown,b,Unknown,Unknown,Unknown,Unknown,Unknown
8011407009840,Gli snack fantasie miste integrali,Ciro Amodio,Unknown,italy,Unknown,Unknown,Unknown,unknown,Unknown,Unknown,Unknown,Unknown,Unknown
8033162031164,Fantasia di olive,Bella Contadina,"plant-based-foods-and-beverages, plant-based-foods",italy,Unknown,Unknown,Unknown,c,Unknown,Unknown,Unknown,Unknown,Unknown
8005525037458,Pepe nero,Fantasie Aromatiche,Unknown,italy,Unknown,Unknown,Unknown,unknown,Unknown,Unknown,Unknown,Unknown,Unknown
8008429560428,fantasie di Pasqua,Unknown,"snacks, sweet-snacks, confectioneries",italy,Unknown,Unknown,Unknown,unknown,Unknown,Unknown,Unknown,Unknown,Unknown
8020323107677,Fantasia di funghi porcini,Unknown,Unknown,italy,Unknown,Unknown,Unknown,unknown,Unknown,Unknown,Unknown,Unknown,Unknown
8442862021687,Fanta Zero Zahăr Portocale 2L,Coca Cola,"beverages-and-beverages-preparations, beverages, carbonated-drinks, artificially-sweetened-beverages, sodas",romania,ro:sticlă,Carrefour,România,b,Unknown,not-applicable,"Apă, suc de portocale din concentral Bautură răcoritoare carbogazoasă cu suc de portocals 21e r colorant caroteni. A se consuma de preferință înainte de Ase påstra la loc răcoros, ferit de soare. Ambalaj de unică fole © 2020 The Coca-Cola Company ARATIE NUTRITIONALĂ 100 ml1 250 ml (%*) Tc: 9KJ/ 23 k.J/ 2kcal 5 kcal (0% 0g rasi S.C. COCA-COLA HBC ROMANIA Sos. Bucuresti Nor Og (0%) 0g (0%) 0,3g 0,8 g (0%) rruri: 0.3g 0,8 g (1%) 0g Og (0%) 0g Og (0%) Consumul de referintă al unui lt obisnuit (8400 kJ 2000 kcal). 11-8x 250ml 5 449000 021687 - 33",0.3,2.0
0049000052176,Orange zero,Fanta,Unknown,united-states,Unknown,Unknown,Unknown,unknown,Unknown,unknown,Unknown,0.0,0.0
8001420010008,Chicchirichì di Fantasia,Gallo,"plant-based-foods-and-beverages, plant-based-foods, cereals-and-potatoes, seeds, cereals-and-their-products, cereal-grains, rices",italy,Unknown,Unknown,Unknown,b,Unknown,Unknown,Unknown,Unknown,Unknown
0089087157593,tropical fantasy,Unknown,Unknown,united-states,Unknown,Unknown,Unknown,unknown,Unknown,unknown,Unknown,9.5833333333333,37.5
8001440119125,Fantasia verde,"Conserve Italia, Valfrutta",plant-based-foods-and-beverages,italy,Unknown,Unknown,Unknown,a,Unknown,Unknown,Unknown,Unknown,Unknown
5000112552119,Fanta orange,Fanta,"plant-based-foods-and-beverages, beverages, plant-based-beverages, carbonated-drinks, fruit-based-beverages, artificially-sweetened-beverages, sodas, fruit-sodas, orange-soft-drinks, sweetened-beverages",united-kingdom,Unknown,Unknown,Unknown,d,4.0,Unknown,"carbonated water, sugar, orange juice from concentrate 8.74), citrus fruit from concentrate (1.3%), acids (citric acid, malic acid). vegetable extracts (carrot, pumpkin). ation typical values sweeteners (acesulfame k 100ml 330ml (2) sucralose). preservative (potassium 81kj/ 267kj/ sorbate), acidity regulator (sodium",Unknown,Unknown
0051933229457,Butterly Fantastic Original Butter,Unknown,Unknown,united-states,Unknown,Unknown,Unknown,unknown,Unknown,unknown,Unknown,0.0,428.57142857143
0049000545500,Pineapple Fanta,Fanta,Unknown,united-states,Unknown,Unknown,Unknown,unknown,Unknown,Unknown,Unknown,13.521126760563,50.704225352113
40203102,Fanta What the Fanta Zero Zahăr Ananas și Hibiscus,Coca Cola,"beverages, artificially-sweetened-beverages",romania,plastic,Unknown,Unknown,c,4.0,unknown,"Apă, suc de lămãie din malic, acid citric, îndulcitori: ciclamat de sodiu, din ce acesulfam-K, sucraloză, arome naturale, concentrate saturat Glucine din fructe și legume (cartofi dulci, morcovi, cireşel, din cae a conservant sorbat de potasiu. A se consuma de Protaine: preferintă inainte de: vezi ambalaj (primul rànd. Sare pe",0.1,1.0
9310155008891,Americana style Marinade for spicy buffalo wings,Fantastic,Unknown,australia,Unknown,Unknown,Unknown,unknown,Unknown,unknown,Unknown,1.9,11.7
0089087024536,Tropical fantasy,Unknown,Unknown,united-states,Unknown,Unknown,Unknown,unknown,Unknown,unknown,Unknown,100.0,400.0
8006460021281,Fantasie di sgombro con olive e fagiolini,Delicius,"seafood, fishes-and-their-products, fish-preparations",italy,Unknown,Unknown,Unknown,d,Unknown,Unknown,Unknown,Unknown,Unknown
5949087500575,la fantana,Unknown,Unknown,romania,Unknown,Unknown,Unknown,unknown,Unknown,unknown,Unknown,Unknown,Unknown
8002590066482,Fantasie,Sapori,"snacks, sweet-snacks, biscuits-and-cakes, confectioneries, pastries",italy,Unknown,Unknown,Unknown,d,Unknown,Unknown,Unknown,Unknown,Unknown
8005525036116,Origano,Fantasie Aromatiche,Unknown,italy,Unknown,Unknown,Unknown,unknown,Unknown,Unknown,Unknown,Unknown,Unknown
8005190408409,Colomba fantasia del sud,Maina,"snacks, sweet-snacks, sweet-pastries-and-pies, viennoiseries, brioches, colomba",italy,Unknown,Unknown,Unknown,e,Unknown,Unknown,Unknown,Unknown,Unknown
5449000309563,Guess the flavour,Fanta,Unknown,united-kingdom,Unknown,Unknown,Unknown,unknown,Unknown,Unknown,Unknown,Unknown,Unknown
9300675089715,Fanta orange no sugar,Fanta,Unknown,australia,Unknown,Unknown,Unknown,unknown,Unknown,unknown,Unknown,0.0,0.88
0049000041217,Fanta zero orange,Fanta,"beverages, carbonated-drinks, sodas",united-states,Unknown,Unknown,Unknown,unknown,4.0,Unknown,"carbonated water, less than 2% of citric acid, natural flavors, aspartame, potassium benzoate, modified food starch, acacia gum, potassium citrate, sucralose, sodium phosphate, sodium citrate, acesulfame potassium, glycerol ester of rosin, yellow 6, sodium benzoate, yellow 5, red 40",Unknown,Unknown
5000112658071,Fanta,Fanta,"beverages-and-beverages-preparations, beverages, carbonated-drinks, sodas",united-kingdom,Unknown,Unknown,Unknown,c,Unknown,Unknown,Unknown,Unknown,Unknown
8005525036505,Peperoncino,Fantasie Aromatiche,Unknown,italy,Unknown,Unknown,Unknown,unknown,Unknown,Unknown,Unknown,Unknown,Unknown
8005525009554,Curcuma,Fantasie Aromatiche,"plant-based-foods-and-beverages, plant-based-foods, condiments, spices, turmeric, turmeric-powder",italy,Unknown,Unknown,Unknown,not-applicable,Unknown,Unknown,Unknown,Unknown,Unknown
0049000546668,Fanta Pinapple 12 oz.,Fanta,Unknown,united-states,Unknown,Unknown,Unknown,unknown,Unknown,unknown,Unknown,14.109762191716,52.911608218936
8019514074744,Insalata di riso fantasia,Bennet,Unknown,italy,Unknown,Bennet,Unknown,unknown,Unknown,Unknown,Unknown,Unknown,Unknown
5449000284228,Fanta,Fanta,Unknown,united-kingdom,Unknown,Unknown,Unknown,unknown,Unknown,Unknown,Unknown,Unknown,Unknown
8024749001274,Fantasia di verdure bio,Il Nutrimento,"plant-based-foods-and-beverages, plant-based-foods",italy,Unknown,Unknown,Unknown,e,Unknown,Unknown,Unknown,Unknown,Unknown
0049000075472,Orange soda,Fanta,Unknown,united-states,Unknown,Unknown,Unknown,unknown,Unknown,unknown,Unknown,21.875,83.333333333333
0049000547030,Fanta,Fanta,Unknown,united-states,Unknown,Unknown,Unknown,unknown,Unknown,unknown,Unknown,27.5,100.0
9310645347608,fantasy sprinkles,Coles,Unknown,australia,Unknown,Coles,Unknown,unknown,Unknown,unknown,Unknown,2.5,16.689193965517
0049000545517,Strawberry Fanta,Fanta,Unknown,united-states,Unknown,Unknown,Unknown,unknown,Unknown,unknown,Unknown,12.398557258792,45.085662759243
9310974005446,Fantasy belts,Fini,Unknown,australia,Unknown,Unknown,Unknown,unknown,4.0,Unknown,"16 mg 200 mg sodium fruit flavoured candy. ingredients listing: glucose and fructose syrup, sugar, wheat flour (gluten), starch (corn), vegetable fat (palm), acidity regulators (296, 270, 325, 330, 331), salt, emulsifier (471), flavours, humectant (422), concentrates (radish, apple, blackcurrant), colours (e100, e133). allergen contain wheat, gluten. store in a cool and dry place may contain traces of soy, mustard conr 5 e e",54.0,345.36328866450003
9300675092029,Raspberry fanta,Unknown,"beverages, carbonated-drinks, sodas",australia,Unknown,"Coles,Woolworths,Drakes,IGA",Unknown,unknown,Unknown,Unknown,Unknown,Unknown,Unknown
5449000308122,What the Fanta,Fanta,Unknown,united-kingdom,Unknown,Unknown,Unknown,unknown,Unknown,Unknown,Unknown,Unknown,Unknown
0853718007911,Cranberry fantasy,Unknown,Unknown,united-states,Unknown,Unknown,Unknown,unknown,Unknown,unknown,Unknown,66.666666666667,400.0
9771129923747,fantasia cucina,Unknown,Unknown,italy,Unknown,Unknown,Unknown,unknown,Unknown,Unknown,Unknown,Unknown,Unknown
5000112552133,Fanta twiat,Fanta,Unknown,united-kingdom,Unknown,Unknown,Unknown,unknown,Unknown,Unknown,Unknown,Unknown,Unknown
8004263682005,Insalata di riso fantasia,Pam & Panorama,Unknown,italy,Unknown,Unknown,Unknown,unknown,Unknown,Unknown,Unknown,Unknown,Unknown
5449000285799,Fanta raspberry,Fanta,Unknown,united-kingdom,ldpe-bag,Unknown,Unknown,unknown,Unknown,Unknown,Unknown,Unknown,Unknown
9310155001663,Delites,Fantastic,Unknown,australia,Unknown,Unknown,Unknown,unknown,Unknown,Unknown,Unknown,6.8,382.4
8019730095974,Fantasia di verdure,MD,Unknown,italy,Unknown,MD,Unknown,unknown,Unknown,Unknown,Unknown,Unknown,Unknown
8033866610665,fantasia di gamberi vongole e zucchine,Unknown,Unknown,italy,Unknown,Unknown,Unknown,unknown,Unknown,Unknown,Unknown,Unknown,Unknown
8052789530577,La fantasia di funghi porcini,"Frosta, La valle degli orti","plant-based-foods-and-beverages, plant-based-foods, fruits-and-vegetables-based-foods, vegetables-based-foods, frozen-foods, frozen-plant-based-foods, mushrooms-and-their-products, mushrooms, frozen-mushrooms",italy,"envelope, it:c-pap-81",Coop,Italia,a,1.0,Unknown,"Prataiolo coltivato (Agaricus bisporus) 45%, Gelone (Pleurotus ostreatus), Boleto giallo (Suillus luteus), Boleto balo (Xerocomus badius), Porcino (Boletus edulis) 5%",Unknown,Unknown
5000112650723,Fanta Orange,Fanta,"beverages-and-beverages-preparations, plant-based-foods-and-beverages, beverages, plant-based-beverages, carbonated-drinks, fruit-based-beverages, sodas, fruit-sodas, sweetened-beverages",united-kingdom,Unknown,Unknown,Unknown,unknown,Unknown,Unknown,Unknown,Unknown,Unknown
8015167005258,Gusto e fantasia,Gusto e fantasia,"desserts, frozen-foods, frozen-desserts, ice-creams-and-sorbets, ice-creams, ice-cream-cones",italy,Unknown,Unknown,Unknown,unknown,Unknown,Unknown,Unknown,Unknown,Unknown
5449000308146,Fanta Cherry,Fanta,Unknown,united-kingdom,Unknown,Unknown,Unknown,unknown,Unknown,Unknown,Unknown,Unknown,Unknown
5057621216599,Fantasy colouring book,Unknown,Unknown,united-kingdom,Unknown,Unknown,Unknown,unknown,Unknown,Unknown,B FANTASY Anti-stress colouring book Rejuvenate & Happy Colouring Travel Colouring Book TRY ME! We'll refund or replace if you are not happy with our quality. 321659 This does not affect your statutory rights ¡PRUÉBEME! Si no le satisface la calidad de nuestro producto se lo cambiamos o le devolvemos el rostringe,Unknown,Unknown
8001246209952,Fantasia di pasta,Fratelli Tempestini,Unknown,italy,Unknown,Unknown,Unknown,unknown,Unknown,Unknown,Unknown,Unknown,Unknown
8005525037366,Chiodi di garofano,Fantasie Aromatiche,Unknown,italy,Unknown,Unknown,Unknown,unknown,Unknown,Unknown,Unknown,Unknown,Unknown
9310155612173,The big cheese,Fantastic Snacks,Unknown,australia,Unknown,Woolworths,Unknown,unknown,4.0,Unknown,"pasta (81%) (durum wheat semolina (gluten)), beverage whitener (milk rotein), modified starch (1422), milk powder, cheese powders (4%) (milk, soy, colour (paprika soresins), flavour), salt, maltodextrin, stabiliser, (508) sugan. buttermilk powder (milk). flavour (mike), aydrolysed vegetable protex (soy), emulsifier (322, (soy)). vegetable oil antioxidant (3201) colour annatto extracts). contains wheat, gluten, milk, soy, 'sulphites. may contain traces of: peanut sesame, egg, fish, crustace",Unknown,Unknown
0049000069211,Strawberry Fanta,Fanta,Unknown,united-states,Unknown,Unknown,Unknown,unknown,Unknown,unknown,Unknown,12.6,46.0
8006476110047,Fantasy,Gelati Royal,"desserts, frozen-foods, frozen-desserts, ice-creams-and-sorbets, ice-creams",italy,Unknown,Unknown,Unknown,d,Unknown,Unknown,Unknown,Unknown,Unknown
0049000033298,Fanta,Unknown,Unknown,united-states,Unknown,Unknown,Unknown,unknown,Unknown,unknown,Unknown,11.816578483245,44.091710758377
5449000265203,Unknown,Fanta,Unknown,united-kingdom,Unknown,Unknown,Unknown,unknown,Unknown,unknown,Unknown,Unknown,Unknown
8015167005159,Gusto e Fantasia - ghiaccioli,Gusto e fantasia,"desserts, frozen-foods, frozen-desserts",italy,Unknown,Unknown,Unknown,unknown,Unknown,Unknown,Unknown,Unknown,Unknown
8013027004229,Fantasia di funghi con porcini secchi,Unknown,"plant-based-foods-and-beverages, plant-based-foods, fruits-and-vegetables-based-foods, vegetables-based-foods, mushrooms-and-their-products, mushrooms",italy,Unknown,Unknown,Unknown,unknown,Unknown,Unknown,Unknown,Unknown,Unknown
4902102035415,Orange soft drink,Fanta,Unknown,united-states,Unknown,Unknown,Unknown,unknown,Unknown,Unknown,Unknown,26.0,110.0
0027000002124,Snack pack fanta grape,Unknown,Unknown,united-states,Unknown,Unknown,Unknown,unknown,Unknown,unknown,Unknown,Unknown,Unknown
0859592003513,Whey Fantastic - Chocolate,Unknown,dietary-supplements,united-states,Unknown,Unknown,Unknown,c,Unknown,unknown,Unknown,5.5555555555556,372.22222222222
9300675090643,Fanta zero sugar orange,Fanta,Unknown,australia,Unknown,Unknown,Unknown,unknown,Unknown,Unknown,Unknown,Unknown,Unknown
0049000547559,#whatthefanta,Fanta,Unknown,united-states,Unknown,Unknown,Unknown,unknown,Unknown,unknown,Unknown,0.0,0.0
0049000030747,Grape,Fanta,Unknown,united-states,Unknown,Unknown,Unknown,unknown,Unknown,unknown,Unknown,44.0,170.0
4260231225931,fanta,Unknown,Unknown,italy,Unknown,Unknown,Unknown,unknown,Unknown,Unknown,Unknown,Unknown,Unknown
90490705,Fanta exotic,Coca Cola,"beverages-and-beverages-preparations, plant-based-foods-and-beverages, beverages, plant-based-beverages, carbonated-drinks, fruit-based-beverages, sodas, fruit-sodas, sweetened-beverages",united-kingdom,"1-plastic-bottle-to-recycle, 1-plastic-lid",Unknown,Unknown,d,3.0,Unknown,"orange juice concentrate, blackberries, carrots, aronia, elderberry, lemon, safflower",Unknown,Unknown
8723400795803,Fanta mentos,Mentos,"snacks, sweet-snacks, confectioneries",united-kingdom,Unknown,Unknown,Unknown,e,4.0,Unknown,"sugar, glucose syrup, orange juice from concentrate (2%), coconut oil, acid (citric acid), starch, flavouring, maltodextrin, cocoa butter, thickeners (gellan gum, cellulose gum, gum arabic), emulsifier (sucrose esters of fatty acids), glazing 4x37,5ge agent (carnauba",Unknown,Unknown
6928804019414,Jasmine Peach,Fanta,"beverages-and-beverages-preparations, beverages, carbonated-drinks, sodas",united-states,Unknown,Unknown,Unknown,e,Unknown,Unknown,Unknown,5.5,81.0
0089087240554,Tropical fantasy,Unknown,Unknown,united-states,Unknown,Unknown,Unknown,unknown,Unknown,unknown,Unknown,Unknown,Unknown
0176239151377,ICE Fantasy,Unknown,Unknown,italy,Unknown,Unknown,Unknown,unknown,Unknown,Unknown,Unknown,Unknown,Unknown
5449000246370,Aranciata,Fanta,Unknown,italy,Unknown,Unknown,Unknown,unknown,Unknown,Unknown,Unknown,Unknown,Unknown
8032771274153,fantasia di cozze,Unknown,Unknown,italy,Unknown,Unknown,Unknown,unknown,Unknown,Unknown,Unknown,Unknown,Unknown
0089087157791,Tropical fantasy,Unknown,Unknown,united-states,Unknown,Unknown,Unknown,unknown,Unknown,unknown,Unknown,0.6015037593985,3.0075187969925
0049000545531,Pineapple flavored soda,Fanta,"plant-based-foods-and-beverages, beverages, plant-based-beverages, carbonated-drinks, fruit-based-beverages, waters, sodas, fruit-sodas, carbonated-waters, flavored-waters, flavored-sparkling-waters",united-states,Unknown,Unknown,Unknown,unknown,Unknown,not-applicable,Unknown,Unknown,Unknown
9300675092005,Fanta Raspberry No Sugar,Unknown,Unknown,australia,Unknown,Woolworths,Unknown,unknown,Unknown,Unknown,"TM FANTA zero sugar NUTRITION INFORMATION Servings per package: 5 Serving size: 250 ml LO 5 250 SERVES PER PANCH Average Quantity Per Serving Per 100 mL Soft Drink Contains: Energy 7.1kJ 2.8kJ 10c Sweeteners (955,950), Preservative (202), Carbonated Water, Flavour, Food Acid (330), 1.7 Cal Protein Og Og 0.7 Cal RE DEPOT POIN STATE Og Fat, total Og Og Og - saturated Og Carbohydrate Og Og Og - sugars Og Dietary Fibre Og 1.0 mg 2.5 mg Sodium Colour (122) Made in Australia from imported and local ingredients. Store in a cool place. For best before date see neck of bottle. Prepared and bottled by Coca-Cola Europacific Partners Australia Pty Ltd, 102 Briens Road, Northmead NSW 2152 Australia, under authority of The Coca-Cola Company owner of the trade mark 'Fanta'. coca-colacompany.com/au G 02023 The Coca-Cola Company 1800 025 123",0.0,Unknown
93567244,Fanta zero sugar orange,Fanta,Unknown,australia,Unknown,Unknown,Unknown,unknown,Unknown,Unknown,Unknown,0.0,2.8
5449000314987,Fanta Mango,Fanta,"beverages, carbonated-drinks, sodas",italy,Unknown,Unknown,Unknown,unknown,4.0,Unknown,"Apă, suc de portocale din concentrat (3%), dioxid de carbon, extract de citrice, acidifianti: acid citric, acid malic, indulcitori: ciclamati de sodiu, acesulfam-K, sucraloză, glicozide steviolice din stevia, corector de aciditate: citrati de sodiu, conservant: sorbat de potasiu, antioxidant: acid ascorbic, stabilizatori: guma de guar, gumă de acacia, esteri glicerici ai răşinilor din lemn, aromă naturală de mango cu alte arome naturale, colorant: caroteni.",Unknown,Unknown
8024749001267,Fantasie di verdure al naturale,Il Nutrimento,"plant-based-foods-and-beverages, plant-based-foods",italy,Unknown,Unknown,Unknown,unknown,Unknown,Unknown,Unknown,Unknown,Unknown
2328210007243,Spiedini Fantasia,Fileni,skewers,italy,Unknown,Unknown,Unknown,b,Unknown,Unknown,Unknown,Unknown,Unknown
04907817,Fanta Grape,Coca-Cola,Unknown,italy,Unknown,Unknown,Unknown,unknown,Unknown,Unknown,Unknown,Unknown,Unknown
9300675091961,Fanta orange,Coca-Cola,Unknown,australia,Unknown,Unknown,Unknown,unknown,Unknown,unknown,Unknown,0.0,0.9
7501055371082,Fanta,Fanta,Unknown,united-states,Unknown,Unknown,Unknown,unknown,Unknown,unknown,Unknown,Unknown,Unknown
5449000315007,Fanta mango,Coca-Cola,"beverages, carbonated-drinks, sodas, ro:fanta-mango",romania,Unknown,Unknown,Unknown,unknown,Unknown,not-applicable,Unknown,0.3,3.0
8002970125105,bruschetta fantasia,Unknown,Unknown,italy,Unknown,Unknown,Unknown,unknown,Unknown,Unknown,Unknown,Unknown,Unknown
8033673202251,Coldì Fantasia di legumi,Unknown,Unknown,italy,Unknown,Unknown,Unknown,unknown,Unknown,Unknown,Unknown,Unknown,Unknown
8015361224769,Sotto Pentola a Fantasia,Unknown,Unknown,italy,Unknown,Unknown,Unknown,unknown,Unknown,Unknown,Unknown,Unknown,Unknown
8013554110905,Nervetti fantasia,Chef a casa,meals,italy,Unknown,Unknown,Unknown,c,Unknown,Unknown,Unknown,Unknown,Unknown
8001364200022,Fantasia di funghi leggeri,Novella,"plant-based-foods-and-beverages, plant-based-foods, fruits-and-vegetables-based-foods, vegetables-based-foods",italy,Unknown,Unknown,Unknown,c,Unknown,Unknown,Unknown,Unknown,Unknown
8050262610105,CremoSi - Il fantastico biscotto ripieno,Unknown,Unknown,italy,Unknown,Unknown,Unknown,unknown,Unknown,Unknown,Unknown,Unknown,Unknown
8058773230041,Fantasia di frollini,Unknown,Unknown,italy,Unknown,Unknown,Unknown,unknown,Unknown,Unknown,Unknown,Unknown,Unknown
8015167000123,Gusto e Fantasia,Gusto e fantasia,"desserts, frozen-foods, frozen-desserts",italy,Unknown,Unknown,Unknown,unknown,Unknown,Unknown,Unknown,Unknown,Unknown
0810038680712,Large Fantail Shrimp,Schwan's,"seafood, crustaceans, shrimps",united-states,Unknown,Unknown,Unknown,c,Unknown,f,Unknown,0.0,235.29411764706
8033378343174,Cioccolatini la nostra fantasia,Unknown,Unknown,italy,Unknown,Unknown,Unknown,unknown,Unknown,Unknown,Unknown,Unknown,Unknown
9310155010795,Delites Sea Salt & Balsamic Vinegar Flavour,Fantastic,Unknown,australia,Unknown,Unknown,Unknown,unknown,Unknown,Unknown,Unknown,Unknown,Unknown
0089087240578,Tropical Fantasy,Unknown,Unknown,united-states,Unknown,Unknown,Unknown,unknown,Unknown,unknown,Unknown,9.6446700507614,37.225042301184
8015167005173,Gelato al gusto panna,Gusto e fantasia,"desserts, frozen-foods, frozen-desserts",italy,Unknown,Unknown,Unknown,d,Unknown,Unknown,Unknown,Unknown,Unknown
8003100001726,Mix fantasia di semi tostati biologici,Selex,Unknown,italy,Unknown,Unknown,Unknown,unknown,Unknown,Unknown,Unknown,Unknown,Unknown
8015167000055,Gusto e fantasia,Gusto e fantasia,"desserts, frozen-foods, frozen-desserts",italy,Unknown,Unknown,Unknown,e,Unknown,Unknown,Unknown,Unknown,Unknown
8050534994247,Fantasia di olive piccanti,Unknown,Unknown,italy,Unknown,Unknown,Unknown,unknown,Unknown,Unknown,Unknown,Unknown,Unknown
8026252001758,Fantasia  di forme,Paatificio Curti,"plant-based-foods-and-beverages, plant-based-foods, cereals-and-potatoes, cereals-and-their-products, pastas, cereal-pastas, dry-pastas, durum-wheat-pasta",italy,Unknown,Unknown,Unknown,unknown,Unknown,Unknown,Unknown,Unknown,Unknown
5449000219206,Unknown,Fanta,Unknown,united-states,Unknown,Unknown,Unknown,unknown,Unknown,unknown,Unknown,Unknown,Unknown
9300675092326,Fanta Mystery Flavour,Unknown,Unknown,australia,Unknown,Unknown,Unknown,unknown,Unknown,unknown,Unknown,0.0,0.4
9259402285003500000,Grissini fantasia di cereali,Unknown,Unknown,italy,Unknown,Unknown,Unknown,unknown,Unknown,Unknown,Unknown,Unknown,Unknown
0089087024093,Tropical Fantasy Black Cherry Soda,Unknown,Unknown,united-states,Unknown,Unknown,Unknown,unknown,Unknown,unknown,Unknown,5.414551607445,20.304568527919
8001120711908,Fantasia Vegetale con ceci soia pomodorini e peperoni,Coop,Unknown,italy,Unknown,Coop,Unknown,unknown,Unknown,Unknown,Unknown,Unknown,Unknown
8001120711748,Fantasia di calamari con carciofi,Coop,"seafood, mollusc",italy,Unknown,Coop,Unknown,b,Unknown,Unknown,Unknown,Unknown,Unknown
8006460023056,Fantasie di sgombro,Delicius,"seafood, fishes-and-their-products, fishes, fatty-fishes, fish-preparations, mackerels",italy,Unknown,Unknown,Unknown,c,Unknown,Unknown,Unknown,Unknown,Unknown
0049000545548,Caffeine Free Strawberry,Fanta,Unknown,united-states,Unknown,Unknown,Unknown,unknown,Unknown,unknown,Unknown,Unknown,Unknown
8005525037489,Peperoncino Polvere,Fantasie Aromatiche,Unknown,italy,Unknown,Unknown,Unknown,unknown,Unknown,Unknown,Unknown,Unknown,Unknown
8007228006014,Fantasmini,Commerciale Dolciumi,"snacks, sweet-snacks",italy,Unknown,Unknown,Unknown,unknown,Unknown,Unknown,Unknown,Unknown,Unknown
8005525036093,Menta essiccata,Fantasie Aromatiche,Unknown,italy,Unknown,Unknown,Unknown,unknown,Unknown,Unknown,Unknown,Unknown,Unknown
9345156192676,Fantastic Flaxseed with Chia + Almond,Unknown,Unknown,australia,Unknown,Unknown,Unknown,unknown,Unknown,unknown,Unknown,1.6666666666667,530.0
8002130210078,Riso Fantasia Integrale,Unknown,Unknown,italy,Unknown,Unknown,Unknown,unknown,Unknown,Unknown,Unknown,Unknown,Unknown
8001120711755,Fantasia con salmone riso nero e legumi,Coop,Unknown,italy,Unknown,Coop,Unknown,unknown,Unknown,Unknown,Unknown,Unknown,Unknown
0089087024543,Tropical Fantasy,Unknown,Unknown,united-states,Unknown,Unknown,Unknown,unknown,Unknown,unknown,Unknown,Unknown,Unknown
9300675092340,Fanta mystery flavour,Fanta,Unknown,australia,Unknown,Unknown,Unknown,unknown,Unknown,unknown,Unknown,0.0,0.4
4056489720829,Halloween fantasmini con zucca,Unknown,Unknown,italy,Unknown,Unknown,Unknown,unknown,Unknown,Unknown,Unknown,Unknown,Unknown
8029404006533,Fantasmini glassati,Unknown,Unknown,italy,Unknown,Unknown,Unknown,unknown,Unknown,Unknown,Unknown,Unknown,Unknown
4056489633716,Fantasmini  ripieni,Lidl,Unknown,italy,Unknown,Unknown,Unknown,unknown,Unknown,Unknown,Unknown,Unknown,Unknown
8435201703610,Fantasy brownies,Brompton House,Unknown,united-kingdom,Unknown,Unknown,Unknown,unknown,4.0,Unknown,"Sugar, Vegetable Oil (Sunflower), Eggs, Wheat Flour, Milk Chocolate Dragees 6.5% (Sugar, Cocoa Butter, Whole Milk Powder, Cocoa Mass, Whey Powder (Milk), Rice Starch, Thickener Agent (Gum Arabic), Emulsifier (Lecithins), Glucose Syrup, Glazing Agents Camauba Wax, Beeswax, Shellac), Salt, Colours (Carminic Acid, Mixed Carotenes, Curcumin, Brilliant Blue FCS Acidity Regulator (Citric Acid)), Glucose Syrup, Cocoa Powder, Water, Humectants (Glycerol, Sorbitol), Wheat Starch, Com Starch, Salt, Flavouring, Preservative (Sodium Propionate), Emulsifiers (Polyglycerol Esters of Fatty Acids, Polyoxyethylene Sorbitan Mono-Oleate), Raising Agents (Diphosphates, Sodium Carbonates), Acid (Citric Acid), Thickener (Guar Gum). For allergens, including cereals containing Gluten, see ingredients in bold. May also contain Mustard and Soya. Made in the EU For EU Brompton House S.L Cuesta del Cerro 71 28109 Madrid Spain For UK Brompton House Cakes Ltd 14 Park Row Nottingham NG16GR",Unknown,Unknown
8033622041054,Fantastic Snack,Unknown,Unknown,italy,Unknown,Unknown,Unknown,unknown,Unknown,Unknown,Unknown,Unknown,Unknown
8002126002366,Fantasia di legumi,"Melandri, Melandri Gaudenzio","plant-based-foods-and-beverages, plant-based-foods",italy,Unknown,Unknown,Unknown,unknown,Unknown,Unknown,Unknown,Unknown,Unknown
8059307291378,Fish fantasy,Mare Gioioso,seafood,italy,Unknown,Unknown,Unknown,c,Unknown,Unknown,Unknown,Unknown,Unknown
5449000156990,Fanta,Fanta,Unknown,united-kingdom,Unknown,Unknown,Unknown,unknown,Unknown,Unknown,Unknown,Unknown,Unknown
4820026701301,Dolce Halva di Semi di Girasole Fantasia,Unknown,Unknown,italy,Unknown,Unknown,Unknown,unknown,Unknown,Unknown,Unknown,Unknown,Unknown
8001364346119,Fantasia di funghi porcini,"Ca' del Bosco, Novella","plant-based-foods-and-beverages, plant-based-foods, fruits-and-vegetables-based-foods, vegetables-based-foods",italy,Unknown,Unknown,Unknown,c,Unknown,Unknown,Unknown,Unknown,Unknown
18537910,Fanta,Fanta,"beverages, carbonated-drinks, sodas",united-kingdom,Unknown,Unknown,Unknown,unknown,Unknown,not-applicable,Unknown,Unknown,Unknown
8015104005563,Ravioli con sfoglia sottile ricotta e spinaci,Pastificio Fantasia,"meals, pasta-dishes, stuffed-pastas",italy,Unknown,Unknown,Unknown,c,Unknown,Unknown,Unknown,Unknown,Unknown
8019289704648,Fantasy,Unknown,Unknown,italy,Unknown,Unknown,Unknown,unknown,Unknown,Unknown,Unknown,Unknown,Unknown
8031108000069,Fantasia,Unknown,Unknown,italy,Unknown,Unknown,Unknown,unknown,Unknown,Unknown,Unknown,Unknown,Unknown
8005120227148,Frutta & Fantasia - Il Trissico,Noberasco,Unknown,italy,Unknown,Unknown,Unknown,unknown,Unknown,Unknown,Unknown,Unknown,Unknown
5000112662009,Fanta,Fanta,"beverages-and-beverages-preparations, beverages, carbonated-drinks, sodas, sweetened-beverages",united-kingdom,pet-bottle,Unknown,Unknown,c,Unknown,Unknown,Unknown,Unknown,Unknown
9310155006705,ThinnerBite black rice crackers,Fantastic,Unknown,australia,Unknown,Unknown,Unknown,unknown,Unknown,unknown,Unknown,0.0,437.4
8003100001979,Fantasiosa,Selex,Unknown,italy,Unknown,Unknown,Unknown,unknown,Unknown,Unknown,Unknown,Unknown,Unknown
5449000051578,"Fanta Orange 0,33lx4 boks",Coca-cola europacific partners norge as,Unknown,united-states,card-box,Unknown,Unknown,unknown,Unknown,Unknown,Unknown,Unknown,Unknown
8005158009907,Fantasie di vongole,Sgattoni,"seafood, frozen-foods, frozen-seafood",italy,Unknown,Unknown,Unknown,unknown,Unknown,Unknown,Unknown,Unknown,Unknown
5056283837074,Halloween String Lights,Fantastic Halloween Decorations,Unknown,united-states,"card-box, paper-sleeve",Unknown,Unknown,unknown,Unknown,unknown,Unknown,Unknown,Unknown
8055118803014,Farinata,Acqua Farina e Fantasia,Unknown,italy,Unknown,Unknown,Unknown,unknown,Unknown,Unknown,"PRODOTTORA FORNO-INERNA Acqua, farina di Ceci (27%). olio di semi di girasole, sale. Può contenere cereali contenenti glutine, latte, uova, soia, senape e lupino.",Unknown,Unknown
9300675093125,Fanta raspberry no sugar,The coca-cola,Unknown,australia,Unknown,Unknown,Unknown,unknown,Unknown,Unknown,Unknown,Unknown,0.68
8005525037465,Peperoncino,Fantasie Aromatiche,"plant-based-foods-and-beverages, plant-based-foods, condiments, herbs-and-spices, spices",italy,Unknown,Unknown,Unknown,not-applicable,Unknown,Unknown,Unknown,Unknown,Unknown
5070000358710,Unknown,crispy Fantasy,"plant-based-foods-and-beverages, plant-based-foods, breakfasts, cereals-and-potatoes, cereals-and-their-products, breakfast-cereals, extruded-cereals",united-kingdom,Unknown,migros,Unknown,b,4.0,Unknown,"Farine de maïs, protéine de soja, sirop d'agave naturel, huile de colza, inuline (issue de la racine de chicorée), émulsifiant: lécithine de soja, cannelle, sucre, arômes naturels, amidon de pois, protéines de pois, huile d'avocat, sel comestible, steviolglycoside.
Peut contenir des traces de blé et de fruits à coque dure.",Unknown,Unknown
8016190100019,Alberello fantasia frutta,Unknown,Unknown,italy,Unknown,Unknown,Unknown,unknown,Unknown,Unknown,Unknown,Unknown,Unknown
0691355890820,Fantastic Classic Candies,Unknown,"snacks, sweet-snacks, confectioneries, candies",united-states,Unknown,Unknown,Unknown,e,Unknown,d,Unknown,80.0,366.66666666667
8005525036086,Maggiorana Foglie,Fantasie Aromatiche,Unknown,italy,Unknown,Unknown,Unknown,unknown,Unknown,Unknown,Unknown,Unknown,Unknown
9369998204786,Fantasy fairy floss,Unknown,Unknown,australia,Unknown,Unknown,Unknown,unknown,Unknown,unknown,Unknown,Unknown,Unknown
0049000067262,Fanta mini,Fanta,Unknown,united-states,Unknown,Unknown,Unknown,unknown,4.0,Unknown,"CARBONATED WATER, HIGH FRUCTOSE CORN SYRUP, CITRIC ACID, NATURAL FLAVORS, SODIUM BENZOATE, MODIFIED FOOD STARCH, GLYCEROL ESTER OF ROSIN, YELLOW 6, RED 40.",12.162162162162,45.045045045045
8004494318513,fantasia di mandorle,Condorelli,Unknown,italy,Unknown,Unknown,Unknown,unknown,Unknown,Unknown,Unknown,Unknown,Unknown
8011407010594,Fantasia ai cereali,Ciro Amodio,Unknown,italy,Unknown,Unknown,Unknown,unknown,Unknown,Unknown,Unknown,Unknown,Unknown
0889392000597,Fantasy Vibe Sparkling Mango Maracuja Edition,CELSIUS,"beverages-and-beverages-preparations, beverages, energy-drinks",united-states,Unknown,Unknown,Unknown,unknown,4.0,Unknown,"Carbonated Filtered Water, Taurine, Citric Acid, Guarana Seed Extract, Green Tea Extract, Caffeine, Ascorbic Acid, Sucralose, Glucuronolactone, Ginger Root Extract, Natural Flavor, Calcium Pantothenate, Niacinamide, Pyridoxine Hydrochloride, Riboflavin, Beta-Carotene (color), Chromium Chelate, Biotin, Cyanocobalamin",Unknown,Unknown
5000112661965,red fanta,Fanta,"beverages, carbonated-drinks, sodas",united-kingdom,Unknown,Unknown,Unknown,c,Unknown,Unknown,Unknown,Unknown,Unknown
8029454005401,Tarallini fantasia,La bottega degli antichi sapori,"plant-based-foods-and-beverages, plant-based-foods, snacks, cereals-and-potatoes, cereals-and-their-products, taralli, it:taralli",italy,Unknown,Unknown,Unknown,d,Unknown,Unknown,Unknown,Unknown,Unknown
0860006400620,Truffes Fantaisie,Unknown,Unknown,united-states,Unknown,Unknown,Unknown,unknown,Unknown,unknown,Unknown,35.294117647059,588.23529411765
8005085719207,cioco fantasy,Crispo,"snacks, sweet-snacks, confectioneries",italy,Unknown,Unknown,Unknown,e,Unknown,Unknown,Unknown,Unknown,Unknown
8013799001143,Zuppa Fantasia Bio,Bettini,"plant-based-foods-and-beverages, plant-based-foods",italy,Unknown,Unknown,Unknown,unknown,Unknown,Unknown,Unknown,Unknown,Unknown
9310155560108,Teriyaki rice crackers,Fantastic,Unknown,australia,Unknown,Unknown,Unknown,unknown,Unknown,Unknown,"BAKED $25 Teriyaki ce Crackers are an irresistible snack an be enjoyed anytime, anywhere. their own, or with a testy dip or topping. you can rely on Fantastic Rice Crackers to satisfy any snacking moment. ZE: 25g per 100g J } ected INGREDIENTS: Rice Flour (91%), Sugar, Vegetable Oil, Salt, Teriyal Powder (1%) (Flavour Enhancer (621) Anticaking Agent(551), Lactose (Milk)), Soy Sauce Powder, Herbs & Spices, Flavour Enhancers (627, 31). Contains: Milk, Soy. May Contain: Sesame, Egg. g g g 00 5g 4 mg STORE IN A COOL, DRY PLACE.",Unknown,Unknown
5060201181781,Fantasticks! Classic breadsticks,Unknown,Unknown,united-kingdom,Unknown,Unknown,Unknown,unknown,Unknown,Unknown,Unknown,Unknown,Unknown
8005525036628,Aglio e peperoncino,Fantasie Aromatiche,Unknown,italy,Unknown,Unknown,Unknown,unknown,Unknown,Unknown,Unknown,Unknown,Unknown
9300605151161,Fantales,Unknown,Unknown,australia,Unknown,Unknown,Unknown,unknown,Unknown,unknown,Unknown,58.0,454.1109
9310155004978,Delite curls,Fantastic,Unknown,australia,Unknown,Unknown,Unknown,unknown,Unknown,unknown,Unknown,6.5,463.75
8008660772147,Confettura Extra di frutti di Bosco,"Fantasy, Menz & Gasser","breakfasts, spreads, sweet-spreads",italy,Unknown,Unknown,Unknown,d,Unknown,Unknown,Unknown,Unknown,Unknown
5449000046321,Fanta,"Coca Cola, Fanta","beverages, sweetened-beverages",italy,"plastic, pe-polyethylene, hdpe-high-density-polyethylene, ldpe-low-density-polyethylene, pet-polyethylene-terephthalate",Unknown,Unknown,e,4.0,Unknown,"Acqua, succo di arancia da concentrato (12%), zucchero, anidride carbonica, acidificante acido citrico, aromi naturali di agrumi, stabilizzante gomma d'acacia, antiossidante acido ascorbico.",Unknown,Unknown
4902102148061,Fanta Japan Youth Sweetie,Fanta,Unknown,united-states,Unknown,Unknown,Unknown,unknown,Unknown,unknown,Unknown,10.0,40.0
5000112661958,Fanta fruit twist,Fanta,Unknown,united-kingdom,Unknown,Unknown,Unknown,unknown,Unknown,Unknown,Unknown,Unknown,Unknown
9310974002506,Fantismo fantasy belts sour,Unknown,Unknown,australia,Unknown,Unknown,Unknown,unknown,Unknown,unknown,Unknown,Unknown,Unknown
8032993692391,Fantasia di verdure al forno,Unknown,Unknown,italy,Unknown,Unknown,Unknown,unknown,Unknown,Unknown,Unknown,Unknown,Unknown
8005834000969,Fantasia di mare,Unknown,Unknown,italy,Unknown,Unknown,Unknown,unknown,Unknown,Unknown,Unknown,Unknown,Unknown
8029804009820,bevanda solubile di fantasia cioccolato fondente,Unknown,Unknown,italy,Unknown,Unknown,Unknown,unknown,Unknown,Unknown,Unknown,Unknown,Unknown
5000112662016,Fanta Orange,Fanta,"beverages-and-beverages-preparations, plant-based-foods-and-beverages, beverages, plant-based-beverages, carbonated-drinks, fruit-based-beverages, sodas, fruit-sodas, orange-soft-drinks",united-kingdom,Unknown,Unknown,Unknown,unknown,Unknown,Unknown,Unknown,Unknown,Unknown
8003073047202,Fantasia di funghi,Unknown,Unknown,italy,Unknown,Unknown,Unknown,unknown,Unknown,Unknown,Unknown,Unknown,Unknown
0049000546644,Fanta orange,Fanta,Unknown,united-states,Unknown,Unknown,Unknown,unknown,Unknown,unknown,Unknown,12.112676056338,45.070422535211
9310155000963,Chesder cheese rice crackers,Fantastic,Unknown,australia,Unknown,Unknown,Unknown,unknown,Unknown,unknown,Unknown,4.0,390.0
8435201703641,Fantasy brownies,Brompton House,"snacks, sweet-snacks, biscuits-and-cakes, cakes, chocolate-cakes, brownies",united-kingdom,Unknown,B&M,Unknown,e,4.0,Unknown,"BROWNIE DECORATED WITH MILK CHOCOLATE IN A CRISP SUGAR SHELL:Sugar, Vegetable Oil (Sunflower) Eggs, Wheat Flour, Milk Chocolate in a Crisp Sugar Shell 8% (Sugar, Whole Milk Powder, Skimmed Milk Powder, Cocoa Butter Cocoa Mass, Rice Starch, Salt, Emulsifiers (Sunflower Lecithin, Soya Lecithin), Glazing Agents (Arabic Gum, Camauba Wax and Beeswax, Glucose Syrup, Colours (Carminic Acid Carotenes, Anthocyanins Riboflavin) Acidity Regulator (Citric Acid), Natural Vanilla Flavour), Glucose Syrup, Cocoa Powder Stabilisers (Sorbitol, Glycerol, Guar Gum), Emulsifiers (Mono and Diglycerides of Fatty Acids, Propylene Glycol Mono-and Diesters of Fats and Fatty Acids), Raising Agents (Sodium Acid Pyrophosphate, Sodium Bicarbonate) Dextrose, Preservative (Sodium Propionate), Wheat Starch, Acid (Citric Acid), Natural Vanilla Flavouring, Ferrous Sulfate, Folic Acid. For allergens, including cereals containing Gluten, see ingredients in bold. May also contain Nuts and Peanuts. JUTRITION INFORMATION",Unknown,Unknown
8005525036192,Aglio in polvere,Fantasie Aromatiche,Unknown,italy,Unknown,Unknown,Unknown,unknown,Unknown,Unknown,Unknown,Unknown,Unknown
8480017241658,Marcelo caramelo,día de fantasía,"snacks, sweet-snacks, confectioneries, candies, gummi-candies",romania,10,Unknown,Unknown,e,Unknown,Unknown,Unknown,59.0,337.0
5051413983102,The fantastic BAKERY 20 CHOCOLATE ASDA CARAMEL MIN,Asda,"snacks, sweet-snacks, biscuits-and-cakes, biscuits",united-kingdom,Unknown,ASDA,Unknown,e,Unknown,Unknown,Unknown,Unknown,Unknown
8901764021251,Fanta orange added flavors can 300ml,Unknown,"beverages-and-beverages-preparations, beverages, carbonated-drinks, sodas",united-states,Unknown,Unknown,Unknown,e,Unknown,Unknown,Unknown,13.0,52.0
8032755706502,Fantasiotti prosciutto e formaggio,Unknown,"meats-and-their-products, prepared-meats, hams",italy,Unknown,Unknown,Unknown,e,Unknown,Unknown,Unknown,Unknown,Unknown
8032591054508,Misto fantasia,La casa de I Pasticcini,Unknown,italy,Unknown,Unknown,Unknown,unknown,Unknown,Unknown,Unknown,Unknown,Unknown
5449000013279,Fanta mystère,Fanta,"beverages, carbonated-drinks, artificially-sweetened-beverages, sodas, diet-beverages, diet-sodas",romania,Unknown,Unknown,Unknown,b,Unknown,not-applicable,"declaraţie nutritională 100 ml 6 kj/ 2 kcal og le rediente: apa, grasimi: de lamaie din din care acizi graşi ma de acacia, saturati: at izobutirat de glucide: 0g a, conservanti din care zaharuri: fructe si legume proteine: og 0g (0%) stru briliant fcf). sare: 0,05 g (1%) 0,02 g de unica folosinta la primul rand). consumul de referintă al unui adult obisnuit (8400 kj/2000 kcal). 500 ml-2x 250 ml pentru: valoare energetica: c 0800-080-800 teleacces gratuit un produs de calitate al the coca cola company 6 og 09 09 og 250 ml (%*) 15 kj/ 5 kcal (0%) og (0%) 0g (0%) (0%) (0%) fanta.ro ده",0.0,2.0
2110543004736,Fanta,Unknown,Unknown,italy,Unknown,Unknown,Unknown,unknown,Unknown,Unknown,Unknown,Unknown,Unknown
9310155000574,Delites,Fantastic,Unknown,australia,Unknown,Unknown,Unknown,unknown,4.0,Unknown,"Rice Flour (54%), Maize Starch, Vegetable Oil (Ant ioxidant (E320)), Potato Starch, Cheese Powder (4% ) (Milk), Potato Flakes (Preservative (E222)), Tap ioca Starch, Sugar, Salt, Flavours (Milk, Soy), Ba mboo Fibre, Onion Powder, Garlic Powder, Yeast Ext ract, Anti-caking Agent (E551), Flavour Enhancer ( E635), Colour (PaprikaOleoresin), Food Acid (E330) . e.",Unknown,Unknown
9312165915916,Fanta Grape,Unknown,"beverages, carbonated-drinks, sodas",australia,Unknown,Unknown,Unknown,unknown,4.0,not-applicable,"carbonated water, high frutose corn syrup, flavours, acidity regulator (330, 334), preservative (202, 211), colours (129, 133).",Unknown,Unknown
0035826105875,Café Fantastico Instant Coffee Dark Roast,Food Lion,"plant-based-foods-and-beverages, beverages, plant-based-foods, coffees, instant-beverages, instant-coffees",united-states,Unknown,Unknown,Unknown,unknown,Unknown,f,Unknown,Unknown,Unknown
5000112661996,Fanta,Fanta,"beverages-and-beverages-preparations, beverages, sweetened-beverages",united-kingdom,Unknown,Unknown,Unknown,c,Unknown,Unknown,Unknown,Unknown,Unknown
5449000000460,#whatthefanta,Fanta,"beverages, carbonated-drinks, artificially-sweetened-beverages, sodas, diet-beverages, diet-sodas",romania,Unknown,Unknown,Unknown,b,Unknown,not-applicable,Unknown,0.0,2.0
5449000106889,Fanta Pineapple & Grapefruit 2ltr,Fanta,"beverages-and-beverages-preparations, plant-based-foods-and-beverages, beverages, plant-based-beverages, carbonated-drinks, fruit-based-beverages, sodas, fruit-sodas",united-kingdom,Unknown,Unknown,Unknown,c,Unknown,Unknown,Unknown,Unknown,Unknown
5449000009524,What the fanta,Fanta,"beverages, carbonated-drinks, sodas",united-kingdom,Unknown,Unknown,Unknown,unknown,Unknown,Unknown,Unknown,Unknown,Unknown
8005525036369,Curry,Fantasie Aromatiche,"plant-based-foods-and-beverages, plant-based-foods, condiments, spices, curry-powder",italy,Unknown,Unknown,Unknown,not-applicable,Unknown,Unknown,Unknown,Unknown,Unknown
5449000090485,Fanta zero pineapple & grapefruit,Fanta,"beverages, carbonated-drinks",united-kingdom,Unknown,Unknown,Unknown,c,4.0,Unknown,"Carbonated Water, Fruit Juices From Concentrate 5% (Pineapple, Grapefruit). Acid (Citric Acid). Acidity Regulator (Sodium Citrates), Sweeteners (Aspartame, Acesulfame K), Flavourings, Preservative (Potassium Sorbate), Antioxidant (Ascorbic Acid). Stabilisers (Guar Gum, Glycerol Esters Of Wood Rosins), Colour (Carotenes). Contains a Source of Phenylalanine.",Unknown,Unknown
5449000036766,Watermelon Fanta Zero,Fanta,Unknown,united-kingdom,Unknown,Unknown,Unknown,unknown,Unknown,Unknown,Unknown,Unknown,Unknown
8034013890114,Pasta di semola di grano duro Fantasia,Unknown,Unknown,italy,Unknown,Unknown,Unknown,unknown,Unknown,Unknown,Unknown,Unknown,Unknown
5449000001993,Fanta Zero Zahăr #WhatTheFanta Bezea de Lămâie,Coca Cola,"beverages, artificially-sweetened-beverages",romania,plastic,Unknown,Unknown,c,4.0,Unknown,"Ană, dioxid de carbon, acidifianţi (acid malic, acid citric), suc de lămâie din concentrat (1%), arome naturale, stabilizatori (gumă de acacia, polifosfati, esteri glicerici ai răşinilor din lemn, acetat izobutirat de zaharoză), îndulcitori (ciclamați, acesulfam-K, sucraloză), conservanti (sorbat de potasiu, benzoat de sodiu), concentrate din fructe și legume (cartofi dulci, mere, ridichi, cirese), colorant (albastru briliant FCF). A se consuma de preferinţă inainte de: vezi pe ambalaj (primul rând).",0.0,2.0
5449000008176,Fanta Zero Zahăr #WhatTheFanta Vanilie și Lime,Coca Cola,"beverages-and-beverages-preparations, beverages, carbonated-drinks, sodas",romania,plastic,Unknown,Unknown,unknown,4.0,not-applicable,"Apă, dioxid de carbon, acidifianţi (acid malic, acid citric), suc de lămâie din concentrat (1%), arome naturale, stabilizatori (gumă de acacia, polifosfati, esteri glicerici ai răşinilor din lemn, acetat izobutirat de zaharoză), îndulcitori (ciclamați, acesulfam-K, sucraloză), conservanti (sorbat de potasiu, benzoat de sodiu), concentrate din fructe și legume (cartofi dulci, mere, ridichi, cireșe), colorant (albastru briliant FCF). A se consuma de preferinţă inainte de: vezi pe ambalaj (primul rând).",0.0,Unknown
5997001365274,Lunaldin,fantail,Unknown,romania,Unknown,Unknown,Unknown,unknown,Unknown,unknown,Unknown,Unknown,Unknown
8005525037304,Aglio,Fantasie Aromatiche,"plant-based-foods-and-beverages, plant-based-foods, fruits-and-vegetables-based-foods, condiments, vegetables-based-foods, culinary-plants, garlic-and-their-products, garlic",italy,Unknown,Unknown,Unknown,unknown,Unknown,Unknown,Unknown,Unknown,Unknown
9310155006699,Thinnerbite black rice cakes,Fantastic,Unknown,australia,Unknown,Unknown,Unknown,unknown,Unknown,unknown,Unknown,0.0,423.6
0313739170228,Gelato fantastico,Unknown,Unknown,italy,Unknown,Unknown,Unknown,unknown,Unknown,Unknown,Unknown,Unknown,Unknown
8032628700156,fantasia di cereali affettato,granforno italia,"plant-based-foods-and-beverages, plant-based-foods, cereals-and-potatoes, breads, sliced-breads, multigrain-sliced-breads",italy,Unknown,Unknown,Unknown,c,4.0,Unknown,"Farina di GRANO tenero tipo &quot;00&quot;, acqua, semi di girasole 7%, semi di lino 7%, farina integrale ci GRANO tenero, farina di AVENA, crusca di GRANO, granella di SOIA, farina di mais estruso, GLUTINE DI FRUMENTO, farina di ORZO maltato, lievito, sale.",Unknown,Unknown
75006068,Fanta orange,Fanta,Unknown,united-states,Unknown,Unknown,Unknown,unknown,Unknown,unknown,Unknown,Unknown,Unknown
8003100817648,Fantasia di verdure patate carote piselli,selex,Unknown,italy,Unknown,Unknown,Unknown,unknown,Unknown,Unknown,Unknown,Unknown,Unknown
5000112662238,Fanta Pineapple & Grapefruit,Fanta,Unknown,united-kingdom,Unknown,Unknown,Unknown,unknown,Unknown,Unknown,Unknown,Unknown,Unknown
5449000089359,Pineapple And Grapefruit Soda,Fanta,Unknown,united-kingdom,Unknown,Unknown,Unknown,unknown,4.0,Unknown,"carbonated water, fruit juices from concentrate 5% (pineapple, grapefruit), sugar, acid (citric acid), antioxidant (ascorbic acid), sweeteners (acesulfame k, aspartame, saccharins), preservative 32) (potassium sorbate), 12) flavourings, stabilisers (acacia gum, guar gum, sucrose acetate isobutyrate, glycerol esters of wood rosins), colour (carotenes), contains a source of phenylalanine, best before: see base of can store cool and dry,",Unknown,Unknown
8723400798637,Mentos alla fanta,Mentos,Unknown,italy,Unknown,Unknown,Unknown,unknown,Unknown,Unknown,Unknown,Unknown,Unknown
8723400799313,Mentos Fanta,Fanta,Unknown,italy,Unknown,Unknown,Unknown,unknown,Unknown,Unknown,Unknown,Unknown,Unknown
9310155753913,Fantastic barbewue chicken rice cracker,Fantastic,Unknown,australia,Unknown,Unknown,Unknown,unknown,Unknown,Unknown,Unknown,Unknown,Unknown
8005525022201,Maggiorana Foglie,Fantasie Aromatiche,Unknown,italy,Unknown,Unknown,Unknown,unknown,Unknown,Unknown,Unknown,Unknown,Unknown
5449000308269,Fanta What the Fanta,Fanta,Unknown,italy,Unknown,Unknown,Unknown,unknown,Unknown,Unknown,Unknown,Unknown,Unknown
5000112519747,Zero sugar watermelon fanta,Fanta,Unknown,united-kingdom,Unknown,Unknown,Unknown,unknown,Unknown,unknown,Unknown,Unknown,Unknown
04412755,Fanta,Cocacola comp.,Unknown,italy,Unknown,Unknown,Unknown,unknown,Unknown,Unknown,Unknown,Unknown,Unknown
5070000358741,Crispy fantasy honey,Crispy Fantasy,Unknown,united-kingdom,Unknown,Unknown,Unknown,unknown,Unknown,Unknown,Unknown,Unknown,Unknown
5795007660085,Eis Frozen Skyr Zitrone,Ice Fantasy,"desserts, frozen-foods, frozen-desserts, ice-creams-and-sorbets, frozen-sticks, ice-creams, ice-cream-bars",united-kingdom,Unknown,Unknown,Unknown,d,4.0,Unknown,"69,5% Eis mit Frischkäse (eingedickte entrahmte Milch, 30% Frischkäse, Glukosesirup, Molkenerzeugnis, Zucker, Dextrose, Zitronensaftkonzentrat, Speisegelatine [Rind], Emulgator: Mono - und Diglyceride von Speisefettsäuren; Stabilisator: Johannisbrotkernmehl, Guarkernmehl), 16% joghurthaltige Fettglasur (pflanzliche Fette [Kokos, Shea], Zucker, 11% Magermilchjoghurtpulver, Emulgator: Lecithine; natürliches Vanillearoma, Säuerungsmittel: Citronensäure), 14,5% Zitronensauce (Wasser, Zucker, 11% Zitronensaft aus Zitronensaftkonzentrat³, Dextrose, Stabilisator: Johannisbrotkernmehl, Pektine; färbendes Lebensmittel: Karottenkonzentrat, Saflorkonzentrat; Säuerungsmittel: Citronensäure; Säureregulator: Natriumcitrate; natürliches Aroma). Das Produkt kann Spuren von Gluten, Hühnerei, Erdnüssen, Soja und Schalenfrüchten enthalten.",Unknown,Unknown
0049000551051,Fanta? Zero sugar,Fanta,"beverages, carbonated-drinks, artificially-sweetened-beverages, sodas",united-states,Unknown,Unknown,Unknown,unknown,Unknown,not-applicable,Unknown,Unknown,Unknown
9310155008211,Goodies grains & seeds crackers,Fantastic,"snacks, salty-snacks, appetizers, biscuits-and-crackers, crackers-appetizers, cracker-biscuits-with-grains-seeds",australia,Unknown,Unknown,Unknown,unknown,Unknown,Unknown,Unknown,Unknown,Unknown
8056149708361,The fantastic four,Unknown,dietary-supplements,italy,Unknown,Unknown,Unknown,Unknown,Unknown,unknown,Unknown,Unknown,Unknown
9310155010450,Rice Squares - Black Pepper Flavour,Fantastic,"snacks, salty-snacks, appetizers, biscuits-and-crackers, crackers-appetizers, glut",australia,Unknown,Unknown,Unknown,e,4.0,Unknown,"Rice (76%), Vegetable Oil (Antioxidant (307b)), Sugar, Modified Tapioca Starch (1442), Salt, Maltodextrin, Soy Sauce Powder, Black Pepper (0.5%), White Pepper, Antioxidant (307b), Flavour Enhancers (635). Contains soy. May contain traces of milk, egg and sesame. Suitable for vegetarians and vegans. No added MSG. No artificial colours or flavours.",6.2,Unknown
0049000004540,Fanta zero sugar,Fanta,Unknown,united-states,Unknown,Unknown,Unknown,unknown,Unknown,unknown,Unknown,Unknown,Unknown
5000112519877,Fanta Raspberry zero sugar,Fanta,Unknown,united-kingdom,Unknown,Unknown,Unknown,unknown,Unknown,Unknown,Unknown,Unknown,Unknown
8056149708361,The fantastic four,Goovi,dietary-supplements,italy,Unknown,Unknown,Unknown,not-applicable,Unknown,Unknown,Unknown,Unknown,Unknown
59492580,Fanta portocale 0.5,"Fanta, Cadia, Coca-Cola, Coca-Cola Company","beverages-and-beverages-preparations, plant-based-foods-and-beverages, beverages, plant-based-beverages, carbonated-drinks, fruit-based-beverages, sodas, fruit-sodas, orange-soft-drinks, sweetened-beverages, ro:Suc-de-portocale, ro:suc de portocale",romania,Unknown,Unknown,Unknown,e,4.0,Unknown,"Apa, zahăr, sirop de fructoză-glucoză, suc de portocale din concentrat (5%), dioxid de carbon, Gräsim acidifiant acid citric, arome naturale de din care acizi grasi portocale cu alte arome naturale, antioxidant saturati acid ascorbic, colorant caroteni, stabilizator Glucide: guma de guar. A se consuma de preferință din care zaharur inainte de: vezi pe ambalaj (primul rând). A se Proteine: păstra la loc răcoros, ferit de soare. Ambalaj de Sare: unică folosintă. S.C. COCA-COLA HBC ROMÂNIA (*) Consumul de refen Cladirea 023, Etaj 1, Voluntari, Jud. Ilfov. 6 S.R.L., Şos. Bucuresti Nord, Nr. 10, (8400 kJ/2000 kcal Produs cu autorizarea The Coca-Cola Company. FANTA.ro 0800-080-000 Te (**) STICLA, EXCLUZ un produs de c Sunt o sticla real",Unknown,Unknown
5942321000206,Fanta portocale 2l,Fanta,"beverages-and-beverages-preparations, plant-based-foods-and-beverages, beverages, plant-based-beverages, carbonated-drinks, fruit-based-beverages, sodas, fruit-sodas, sweetened-beverages, Soft Drinks",romania,Unknown,Unknown,Unknown,e,4.0,Unknown,"Water, sugar, fruit syrup, orange concentrate (5%), carbon dioxide, citric acid, natural orange flavor with other flavors, ascorbic acid, coloring carotenes, guar gum stabilizer.",Unknown,Unknown
8005158003134,Fantasy point 3,Sgattoni,"seafood, frozen-foods, frozen-seafood",italy,Unknown,Unknown,Unknown,unknown,Unknown,Unknown,Unknown,Unknown,Unknown
0070847896180,Ultra Fantasy Ruby Red,Monster Energy,"beverages-and-beverages-preparations, beverages, carbonated-drinks, sodas, energy-drinks, energy-drink-without-sugar-and-with-artificial-sweeteners",united-states,Unknown,Unknown,Unknown,c,4.0,Unknown,"CARBONATED WATER, CITRIC ACID, ERYTHRITOL, TAURINE, SODIUM CITRATE, PANAX GINSENG FLAVOR, NATURAL FLAVORS, L-CARNITINE L-TARTRATE, POTASSIUM SORBATE, CAFFEINE, SUCRALOSE, D-CALCIUM PANTOTHENATE, ESTER GUM, INOSITOL, SODIUM BENZOATE, NIACINAMIDE, CYANOCOBALAMIN.",Unknown,Unknown
5942321000237,Fanta Grepfrut Roz zero zahar,Fanta,"beverages-and-beverages-preparations, beverages, carbonated-drinks, sodas, ro:bautura",romania,Unknown,Unknown,Unknown,b,Unknown,Unknown,Unknown,Unknown,Unknown
5942321000244,fanta,Fanta,"beverages, carbonated-drinks, sodas",romania,Unknown,Unknown,Unknown,unknown,Unknown,Unknown,Unknown,Unknown,Unknown
5942321000275,Unknown,Fanta,"beverages, carbonated-drinks, carbonated-fruit-soft-drink",romania,Unknown,Unknown,Unknown,unknown,Unknown,Unknown,Unknown,Unknown,Unknown
59492627,Unknown,"Fanta, Coca-Cola","beverages-and-beverages-preparations, beverages, carbonated-drinks, sodas, ro:suc de struguri",romania,Unknown,Unknown,Unknown,d,4.0,Unknown,"Apă, sirop de fructoză-glucoză, dioxid de carbon, arome, extract de fructe și legume (morcovi, mere) acidifianţi acid citric şi acid malic, suc de struguri din ca concentrat (0,1%), corector de aciditate gluconat de satura sodiu, conservant sorbat de potasiu, indulcitori Guci sucraloză şi zaharinat de sodiu.",Unknown,Unknown
0070847896210,Monster Energy Ultra Fantasia Energy Drink,Monster,"beverages-and-beverages-preparations, beverages, energy-drinks",united-states,Unknown,Unknown,Unknown,unknown,4.0,Unknown,"CARBONATED WATER, CITRIC ACID (pH CONTROL), ERYTHRITOL, TAURINE, SODIUM CITRATE, PANAX GINSENG, FLAVOR, NATURAL FLAVORS, L-CARNITINE L-TARTRATE, POTASSIUM SORBATE (PRESERVATIVE), CAFFEINE, SUCRALOSE, SODIUM BENZOATE (PRESERVATIVE), NIACINAMIDE (VIT. B3), GUM ARABIC, D-CALCIUM PANTOTHENATE (VIT. B5), ESTER GUM, INOSITOL, PYRIDOXINE HYDROCHLORIDE (VIT. B6), RED 40, GUM TRAGACANTH, YELLOW 6, CYANOCOBALAMIN (VIT. B12)",Unknown,Unknown
5000112656206,Unknown,Fanta,Unknown,united-kingdom,Unknown,Unknown,Unknown,unknown,Unknown,Unknown,Unknown,Unknown,Unknown
5942321000176,Fanta madness 2.5,Fanta,"beverages-and-beverages-preparations, beverages, sweetened-beverages, Soft Drinks",romania,Unknown,Unknown,Unknown,e,4.0,Unknown,"water, fructose-glucose syrup, carbon dioxide, aroma, fruit and vegetable extract, concentrated grape juice (0.1%), acidity regulator citric acid and malic acid, sodium gluconate, potassium sorbate, sucralose, sodium saccharin",Unknown,Unknown
5000112664256,Fanta pineapple & grapefruit,Fanta,Unknown,united-kingdom,Unknown,Unknown,Unknown,unknown,Unknown,unknown,Unknown,Unknown,Unknown
8033866611327,Fantasia di gamberi vongole e zucchine,Il pesce gourmet,Unknown,italy,Unknown,Unknown,Unknown,unknown,Unknown,Unknown,Unknown,Unknown,Unknown
0800000245834,Unknown,Fanta,Unknown,united-kingdom,Unknown,Unknown,Unknown,unknown,Unknown,unknown,Unknown,Unknown,Unknown
5942321000169,FANTA Portocale,Fanta,"beverages-and-beverages-preparations, plant-based-foods-and-beverages, beverages, plant-based-beverages, carbonated-drinks, fruit-based-beverages, sodas, fruit-sodas, orange-soft-drinks, sweetened-beverages, ro:toate produsele",romania,Unknown,Unknown,Unknown,e,4.0,Unknown,"Batura racoritoare carbogazoasă cu suc de portocale. grediente: apa, zahăr, sirop de fructoza-glucoză, suc de portocale din concentrat (5%), dioxid de carbon, acidifiant acid citric, arome naturale de portocale cu alte arome naturale, antioxidant acid ascorbic, colorant caroteni stabilizator guma de guar.",Unknown,Unknown
0052000001242,Fanta Grape,Unknown,Unknown,united-states,Unknown,Unknown,Unknown,unknown,Unknown,unknown,Unknown,12.4,48.0
0856873071407,Tokyo Fantasy Bento Box A,Inku Sushi,Unknown,united-states,Unknown,Unknown,Unknown,unknown,Unknown,unknown,Unknown,Unknown,197.0
5942321000152,Fanta doza,Fanta,ro:băutură răcoritoare,romania,Unknown,Unknown,Unknown,c,Unknown,Unknown,"Apă, zahăr, sirop de fructoză-glucoză, suc de portocale portocale cu alte arome naturale, antioxidant acid ascorbic, colorant care Datorita continutului de suc pot apărea sedimente naturale. A se consuma de preferinţă înainte de: vezi pe baza cutiei",Unknown,Unknown
59492696,Fanta portocale,Fanta,Unknown,romania,Unknown,Unknown,Unknown,unknown,Unknown,Unknown,Unknown,Unknown,Unknown
4960371000220,Fanta Madness,Fanta,"beverages-and-beverages-preparations, beverages, carbonated-drinks, sodas",romania,Unknown,Unknown,Unknown,unknown,Unknown,Unknown,Unknown,Unknown,Unknown
9300675094320,Pineapple Fanta Zero Sugar,Fanta,Unknown,australia,Unknown,Unknown,Unknown,unknown,Unknown,Unknown,"2008 TAN zero sugar FANTA NUTRITION INFORMATION Servings per package: 5 Serving size: 250 mL Average Quantity Per Serving Per 100 mL Energy 6.0 kJ 2.4K 10 Soft Drink Contains: 1.4 Cal 0.6 Cal Carbonated Water, Food Acids (330, 331, 296), Protein Og Og Sweeteners (955,950), Preservative (202), Fat, total Og Og Flavour, Colour (102) saturated Og Og Made in Australia from imported and cal ingredients. Carbohydrate 0.04 g 0.02g Store in a cool place. - sugars Og Oq For best before date see neck of bottle. Dietary Fibre Og Og Sodium 17 mg 6.8 mg 口口 Prepared and bottled by Coca-Cola Europacific Partners Australia Pty Ltd, 102 Briens Road, Northmead NSW 2152 Australia, under authority of The Coca-Cola Company, owner of the trade mark 'Fanta'. coca-colacompany.com/au 02023 The Coca-Cola Company 1800 025 123",0.0,0.56
8000411270957,Fantasia di Funghi,Di Biase,Unknown,italy,Unknown,Unknown,Unknown,unknown,Unknown,Unknown,Unknown,Unknown,Unknown
8008660772116,Aprikose,Fantasy,Unknown,italy,Unknown,Unknown,Unknown,unknown,Unknown,Unknown,Unknown,Unknown,Unknown
0000599266993,Sandía 0 azúcares,Fanta,Unknown,united-states,Unknown,Unknown,Unknown,unknown,Unknown,unknown,Unknown,Unknown,7.0
9300675094306,Zero Sugar Pineapple,Fanta,Unknown,australia,Unknown,Unknown,Unknown,unknown,Unknown,unknown,Unknown,Unknown,0.583
5000112664232,Fanta zero suger,Fanta,Unknown,united-kingdom,Unknown,Unknown,Unknown,unknown,Unknown,unknown,Unknown,Unknown,Unknown
5908258401936,Fantazja (Mixed Greens),Prima Natura,Unknown,united-states,Unknown,Unknown,Unknown,unknown,Unknown,unknown,Unknown,2.7,23.0
59497240,Fanta Tropical 0.5,Coca Cola,"beverages-and-beverages-preparations, beverages, carbonated-drinks, sodas, sweetened-beverages",romania,plastic,Unknown,Unknown,unknown,4.0,Unknown,"Apă, zablir, suc de portocale din concentrat (2,8%), dioxid de at acid citric, arome, servant: sorbat de potasiu, estori glicerici ai răşinilor din lemn, guma de acacia, gumi aidant: acid ascorbic. A se consuma de preferința inainte de (primul rand). A se past loc răcoros, ferit de soare. de unica folosinta SC COCA-COLA HBC ROMANIA SRL 50s, Bucuresti Nord Nr. 10, Eta 1, Voluntan, Jud. sc area The Coca-Cola Company - TetAcces Gratuit The Coca-Cola Company",13.2,53.0
5942321003122,Fanta Tropical 2l,Coca Cola,"beverages-and-beverages-preparations, beverages, carbonated-drinks, sodas",romania,plastic,Unknown,Unknown,unknown,4.0,Unknown,"Hár, suc de portocale din concentrat (2,8%), dioxid de acidifiant: acid citric arome, conservant: sorbat de tai stabilizatori: esteri glicerici al rasinilor din lemn, gumă de acacia, gumă de guar, antioxidant: acid ascorbic ma de preferința inainte de: vezi pe ambalaj (primul rand la foc racores, ferit de soare. Ambalaj de unică folosin The Coca-Cola Company",Unknown,53.0
9310155012300,Thai Chilli & Lemongrass,Fantastic Delites,Unknown,australia,Unknown,Unknown,Unknown,unknown,Unknown,unknown,Unknown,4.4,363.0
9300675003766,FANTA ORANGE 24X375ML,Unknown,Unknown,australia,Unknown,Unknown,Unknown,unknown,Unknown,unknown,Unknown,Unknown,Unknown
8005085719955,cioco fantasy fondente,crispo,it:cioccolatini,italy,Unknown,Unknown,Unknown,e,4.0,Unknown,"cioco FANTASY Bauletti di finissimo cioccolato fondente Fine dark chocolates BAULETTI DI FINISSIMO ciocCOLATO FONDENTE INGREDIENTi cioccolato fondente (100%) (zucchero, pasta di cacao, burro di cacao, emulsionante lecitina di SOIA, aroma naturale di vaniglia. Cacao min. 49%).",Unknown,Unknown
87363456,FANTA 1700 400kcal Wilhelmina,Wilhelmina,Unknown,united-states,Unknown,Unknown,Unknown,unknown,Unknown,Unknown,40g Wilhelmin,25.0,100.0
8001440135415,Fantasia di lenticchie e cereali,Cirio,"plant-based-foods-and-beverages, plant-based-foods, legumes-and-their-products, cereals-and-potatoes, legumes, seeds, cereals-and-their-products, legume-seeds",italy,Unknown,Unknown,Unknown,unknown,Unknown,Unknown,Unknown,Unknown,Unknown
9345577002677,LIT FAT LAMB FANTASY PET 1.25L,Unknown,Unknown,australia,Unknown,Unknown,Unknown,unknown,Unknown,Unknown,Unknown,Unknown,Unknown
5000112662672,Lemon,Fanta,Unknown,united-kingdom,Unknown,Unknown,Unknown,unknown,Unknown,Unknown,Unknown,Unknown,Unknown
0850017589209,Fantasy Mix,Hi--Chew,Unknown,united-states,Unknown,Unknown,Unknown,unknown,4.0,Unknown,"GLUCOSE SYRUP, SUGAR, HYDROGENATED PALM KERNEL OIL, GELATIN, MALIC ACID, CITRIC ACID, NATURAL AND ARTIFICIAL FLAVORS, SPIRULINA EXTRACT (COLOR), FRUIT JUICE CONCENTRATE (COLOR), VEGETABLE JUICE CONCENTRATE (COLOR), SUCROSE FATTY ACID ESTERS, SORBITAN TRISTEARATE, RED RASPBERRY JUICE CONCENTRATE, LEMON JUICE CONCENTRATE, PINEAPPLE JUICE CONCENTRATE, BETA-CAROTENE (COLOR)",Unknown,Unknown
0049000080780,Fanta,Unknown,Unknown,united-states,Unknown,Unknown,Unknown,unknown,Unknown,unknown,Unknown,21.0,40.0
5942321000190,Unknown,Fanta,Unknown,romania,Unknown,Unknown,Unknown,unknown,Unknown,Unknown,Unknown,Unknown,Unknown
8050519314442,Friselle integrali,Fantasie pugliesi,Unknown,italy,Unknown,Unknown,Unknown,unknown,Unknown,Unknown,Unknown,Unknown,Unknown
5000112557022,Fanta - Fanta,Unknown,Unknown,united-kingdom,Unknown,Unknown,Unknown,unknown,Unknown,Unknown,Unknown,Unknown,Unknown
8057204092241,Insalata fantasia,Unknown,Unknown,italy,Unknown,Unknown,Unknown,unknown,Unknown,Unknown,Unknown,Unknown,Unknown
9310151050801,Delites Sour Cream And Chives,Fantastic,Unknown,australia,Unknown,Unknown,Unknown,unknown,Unknown,unknown,Unknown,6.5,397.0
0049000557473,Fanta Haunted Apple,Fanta,Unknown,united-states,Unknown,Unknown,Unknown,unknown,Unknown,unknown,Unknown,12.3,47.0
8001120751539,Fantasia di funghi alla boscaiola con porcini,Unknown,Unknown,italy,Unknown,Unknown,Unknown,unknown,Unknown,Unknown,Unknown,Unknown,Unknown
0862853000428,Hawaiian Holiday BBQ Sauce,Mr. Fantastical's Fabulous Formulations,Unknown,united-states,Unknown,Unknown,Unknown,unknown,Unknown,unknown,Unknown,30.6,139.0
5449000330949,Afterlife,Fanta,Unknown,united-kingdom,Unknown,Unknown,Unknown,unknown,Unknown,Unknown,Unknown,Unknown,Unknown
5000112642711,Fanta zero sugar raspberry taste,Fanta,Unknown,united-kingdom,Unknown,Unknown,Unknown,unknown,Unknown,Unknown,Unknown,Unknown,Unknown
0724417589209,Hi-Chew Fantasy Mix,Hi-Chew,Unknown,united-states,Unknown,Unknown,Unknown,unknown,Unknown,unknown,Unknown,61.3,419.0
8018708959348,Fantasia julienne insalata,Unknown,Unknown,italy,Unknown,Unknown,Unknown,unknown,Unknown,Unknown,Unknown,Unknown,Unknown
5000112670851,Fanta málnaízű zéró cukor,Unknown,Unknown,united-kingdom,Unknown,Unknown,Unknown,unknown,Unknown,Unknown,Unknown,Unknown,Unknown
5942321000183,fanta mednes 0.33,Fanta,"beverages-and-beverages-preparations, beverages, carbonated-drinks, sodas",romania,Unknown,Unknown,Unknown,unknown,Unknown,Unknown,Unknown,Unknown,Unknown
0000981435276,Aranciata,Fanta,Unknown,italy,it:bottiglia-pet,Unknown,Unknown,unknown,Unknown,Unknown,Unknown,Unknown,Unknown
0004656701957,"Energy liquid water enhancer, fantasy fruit",Unknown,Unknown,united-states,Unknown,Unknown,Unknown,unknown,4.0,unknown,"Citric acid, water, propylene glycol, caffeine, sodium citrate, sucralose and acesulfame potassium (sweeteners), caramel color, natural flavor, taurine, niacinamide, ginseng extract (panax), guarana extract, potassium sorbate (preservative), yellow 5, vitamin b6, sulfites, vitamin b12.",0.0,0.0
00010687,Fantasia di Frutta,Santa Maria,"snacks, sweet-snacks, confectioneries, candies",united-kingdom,Unknown,Unknown,Unknown,e,Unknown,Unknown,Unknown,Unknown,Unknown
0000202200834,Fanta,Coca-Cola,"beverages, carbonated-drinks",united-states,Unknown,Unknown,Unknown,unknown,Unknown,unknown,Unknown,Unknown,Unknown
02453844,Truffles Fantaisie,Unknown,Unknown,united-states,Unknown,Unknown,Unknown,unknown,Unknown,unknown,Unknown,39.285714285714,571.42857142857
0004900003393,Fanta peach,Fanta,"plant-based-foods-and-beverages, beverages, plant-based-beverages, carbonated-drinks, fruit-based-beverages, sodas, fruit-sodas, peach-flavoured-sodas",romania,can,Unknown,Unknown,unknown,Unknown,not-applicable,Unknown,Unknown,Unknown
0691355880458,Fantastic Classic Lollipops,Hammond's,Unknown,united-states,Unknown,Unknown,Unknown,unknown,4.0,unknown,"Cane sugar, corn syrup, citric acid, natural & artificial flavor, artificial colors (blue 1, red 3, red 40, yellow 5)",66.67,333.0
9350007005715,Fantastically Fudgy Choc Brownie,Bare Bakers,Unknown,australia,Unknown,Unknown,Unknown,unknown,Unknown,Unknown,Unknown,41.0,Unknown
8032727111105,Fantasy pasta,Millers farm,"plant-based-foods-and-beverages, plant-based-foods, pastas",italy,Unknown,Unknown,Unknown,a,Unknown,Unknown,Unknown,Unknown,Unknown
5000112669442,Fanta zero xukru,Unknown,Unknown,united-kingdom,Unknown,Unknown,Unknown,unknown,Unknown,Unknown,Unknown,Unknown,Unknown
9300675095150,Grape,Fanta,Unknown,australia,Unknown,Unknown,Unknown,unknown,Unknown,unknown,Unknown,8.0,33.2
5449000330932,Afterlife (Apple Zero Sugar),Fanta,Unknown,united-kingdom,Unknown,Unknown,Unknown,unknown,4.0,Unknown,"carbonated water, apple juice from concentrate (3,3%), acid (citric acid), vegetable and fruit concentrates (safflower, lemon), natural flavourings, sweeteners (cyclamates, acesulfame    k, sucralose), preservative (potassium sorabate), acidity regulator (sodium citrates), colour (brilliant blue fcf)",Unknown,Unknown
8024536007038,Fantasia estiva di riso,Unknown,Unknown,italy,Unknown,Unknown,Unknown,unknown,Unknown,Unknown,Unknown,Unknown,Unknown
0044111669268,Fanta orange (zero suggar),Unknown,Unknown,united-states,Unknown,Unknown,Unknown,unknown,Unknown,unknown,Unknown,0.4,3.0
5940541539346,Fanta Strawberry kiwi,Fanta,"beverages-and-beverages-preparations, beverages, carbonated-drinks, sodas",romania,Unknown,Unknown,Unknown,e,4.0,not-applicable,"Apa de lamaie carbogazoasa, zahar, suc din concentrat(3%), aroma naturala de kiwi,concentrat de morcov si sofran , acid citric E330 , E414 ,E445",10.2,42.0
93574686,"Raspberry Fanta Mini Bottle, Zero Suger",Fanta,Unknown,australia,Unknown,Unknown,Unknown,unknown,Unknown,unknown,Unknown,0.0,2.031548757170172
9300675095198,Grape Fanta,Fanta,Unknown,australia,Unknown,Unknown,Unknown,unknown,Unknown,unknown,Unknown,8.0,33.1
4061462369520,oven Cook 20 mins from fro FRYER FANTASTIC FOUR SE,Four Seasons,Unknown,united-kingdom,Unknown,Unknown,Unknown,unknown,Unknown,Unknown,"ESTATE SUNFLOWER OIL Modified PetatoLarch. furlour, Pra Hibre. todia, Curcum DIETASY AESutable for vegas s No artiflavourings NUTRITION TYPICAL VALLES (oven cooked) Energy",Unknown,Unknown
1350067005715,Fantastically Fudgey Choc Brownie,Bare Bakers,Unknown,australia,Unknown,Unknown,Unknown,unknown,Unknown,Unknown,Unknown,41.1,442.0
0028400749749,Cheetos Fantastix! Ranch Flavored,Cheetos,Unknown,united-states,Unknown,Unknown,Unknown,unknown,Unknown,Unknown,Unknown,3.92,471.0
5000112673913,Fanta fruit twist,Fanta,Unknown,united-kingdom,Unknown,Unknown,Unknown,unknown,Unknown,Unknown,Unknown,Unknown,Unknown
5449000102393,Fanta Zero Zuccheri Aggiunti,Fanta,"beverages-and-beverages-preparations, plant-based-foods-and-beverages, beverages, plant-based-beverages, carbonated-drinks, fruit-based-beverages, carbonated-fruit-soft-drink, beverages-with-orange",italy,Unknown,Unknown,Unknown,c,4.0,Unknown,"Acqua, succo di arancia da concentrato (12%), anidride carbonica, acidificante acido citrico, aromi naturali di agrumi, correttore di acidità citrato trisodico, edulcoranti ciclammato di sodio, acesulfame K e aspartame, stabilizzante gomma d'acacia, antiossidante acido ascorbico.",Unknown,Unknown
0367703412036,Fatigued to Fantastic! Energy Revitalization Drink Mix,Terry Naturally,Unknown,united-states,Unknown,Unknown,Unknown,unknown,Unknown,unknown,Unknown,Unknown,208.0
6954767493473,Fanta Pineapple,Fanta,Unknown,united-kingdom,Unknown,Unknown,Unknown,unknown,Unknown,Unknown,Unknown,Unknown,Unknown
5000112673920,Orange,Fanta,Unknown,united-kingdom,Unknown,Unknown,Unknown,unknown,Unknown,Unknown,Unknown,Unknown,Unknown
5449000215789,Fanta Orange,Fanta,"beverages-and-beverages-preparations, plant-based-foods-and-beverages, beverages, plant-based-beverages, carbonated-drinks, fruit-based-beverages, artificially-sweetened-beverages, sodas, fruit-sodas, carbonated-fruit-soft-drink, orange-soft-drinks, sweetened-beverages",united-kingdom,Unknown,Tesco,Unknown,d,4.0,Unknown,"Carbonated Water, Sugar, Orange Juice From Concentrate (3.7%), Citrus Fruit From Concentrate (1.30), Acids (Citric Acid, Malic Acid), Vegetable Extracts (Carrot, Pumpkin), Sweeteners (Acesulfame K, Sucralose), Preservative (Potassium Sorbate), Acidity Regulator (Sodium Citrates), Stabiliser (Guar Gum), Natural Orange Flavourings With Other Natural Flavourings, Antioxidant (Ascorbic Acid).",Unknown,Unknown
5000112673944,Pineapple & Grapefruit,Fanta,"beverages-and-beverages-preparations, plant-based-foods-and-beverages, beverages, plant-based-beverages, carbonated-drinks, fruit-based-beverages, artificially-sweetened-beverages, sodas, fruit-sodas, carbonated-fruit-soft-drink, sweetened-beverages",united-kingdom,Unknown,Unknown,Unknown,d,4.0,Unknown,"Carbonated Water, Fruit Juices From Concentrate 5% (Pineapple, Grapefruit), Sugar, Acid (Citric Acid), Antioxidant (Ascorbic Acid), Sweeteners (Acesulfame K, Aspartame, Sodium Saccharin), Preservative (Potassium Sorbate). Flavourings, Stabilisers (Acacia Gum, Guar Gum, Sucrose Acetate Isobutyrate, Glycerol Esters Wood Rosins), Colour (Carotenes). Contains a Source of Phenylalanine.",Unknown,Unknown
9310155012348,"Tomatoe, Red Onion & Balsamic Rice Crackers",Fantastic,Unknown,australia,Unknown,Unknown,Unknown,unknown,Unknown,Unknown,Unknown,3.2,430.0
9310645255279,Fantasy cones vanilla & raspberry,Coles,Unknown,australia,Unknown,Unknown,Unknown,unknown,Unknown,Unknown,Unknown,25.3,295.0
9300675094344,Pineapple No Sugar,Fanta,Unknown,australia,Unknown,Unknown,Unknown,unknown,Unknown,Unknown,Unknown,Unknown,0.574
0049000533873,Fanta 12oz can,Unknown,Unknown,united-states,Unknown,Unknown,Unknown,unknown,Unknown,Unknown,Unknown,44.0,160.0
42358367,FANT fruitwist 40,Fanta,"beverages-and-beverages-preparations, beverages, sweetened-beverages",united-kingdom,Unknown,Unknown,Unknown,c,4.0,Unknown,"Carbonated Water, Fruit Juices From Concentrate 4.4% (Orange 3.4%, Peach 0.5%, Apple 0.4%, Passion Fruit 0.12), Sugar, Vegetable And Plant Concentrates (Carrot, Safflower), Acids (Citric Acid, Malic Aci Sweeteners (Acesulfame K spartame). Preservative (Potassium Sorbate). Natural Flavouring, Stabilisers e of an average (Glycerol Esters Of Wood Rosins,",Unknown,Unknown
59492788,fanta mango,fanta,Unknown,romania,Unknown,Unknown,Unknown,unknown,Unknown,Unknown,Unknown,Unknown,Unknown
9300675095174,Fanta Grape Zero Sugar,Fanta,Unknown,australia,Unknown,Unknown,Unknown,unknown,Unknown,Unknown,"Ⓡ FANTA zero sugar NUTRITION INFORMATION Servings per package: 5 Serving size: 250 m Average Quantity Per Serving Per 100 ml Energy 11.7 kJ 4.7kJ Soft Drink contains: 2.8 Cal 1.1 Cal Carbonated Water, Food Acids (330, 331), Protein Og Og Flavour, Sweeteners (952,950,955), Preservative (202), Colours (122, 142). Fat, total Og local ingredients. Made in Australia from imported and - saturated Og 09 Carbohydrate Og Og Og Store in a cool place. - sugars Og For best before date see neck of bottle. Dietary Fibre Og 10.3 mg 26 mg Sodium 回家 Prepared and bottled by Coca-Cola Europacific Partners Australia Pty Ltd, 102 Briens Road, Northmead NSW 2152 Australia, under authority of The Coca-Cola Company owner of the trade mark 'Fanta coca-colacompany.com/au G 02024 The Coca-Cola Company 1800 025 123",0.0,1.12
0046002038276,Insalata di orzo fantasia,Unknown,Unknown,united-states,Unknown,Unknown,Unknown,unknown,Unknown,Unknown,Unknown,Unknown,138.0
4792229305801,fanta,coca cola,Unknown,united-kingdom,Unknown,Unknown,Unknown,unknown,Unknown,Unknown,Unknown,Unknown,Unknown
9300675095136,Grape Fanta Zero Sugar,Fanta,Unknown,australia,Unknown,Unknown,Unknown,unknown,Unknown,Unknown,Unknown,Unknown,1.12
0860009657014,Fresh & Clean,Her Fantasy Box,Unknown,united-states,Unknown,Unknown,Unknown,unknown,Unknown,Unknown,"Boric Acid, Vegetable Capsule",Unknown,Unknown
9310155010771,Sweet Chill & Sour Cream Delites,Fantastic,Unknown,australia,Unknown,Unknown,Unknown,unknown,Unknown,Unknown,Unknown,5.0,402.0
8442664214539,fanta fruit twist,Unknown,Unknown,united-kingdom,Unknown,Unknown,Unknown,unknown,4.0,Unknown,"carbonated water, fruit juices from concentrate 4,4% (orange 3,4%, peach 0,5%, apple 0,4%, passion fruit 0,1%), acids (citric acid malic acid), preservative (potassium sorbate), vegetable and plant concentrates (carrot, safflower), sweeteners (aspartame acesulfame k), natural flavourings, stabilisers (glycerol esters of wood rosins, guar gum), contains a source of phenylalanine,",Unknown,Unknown
5000112677324,Raspberry Zero Sugar,Fanta,"beverages-and-beverages-preparations, beverages, carbonated-drinks, carbonated-fruit-soft-drink",united-kingdom,Unknown,Unknown,Unknown,c,4.0,Unknown,"Carbonated Water, Lemon Juice From Concentrate (3%), Acids (Malic Acid, Citric Acid). Sweeteners (Cyclamates. Acesulfame-K, Sucralose). Natural Flavourings. Vegetable And Fruit Concentrates (Sweet Potato, Carrot, Cherry). Preservative (Potassium Sorbate).",Unknown,Unknown
4974364648013196,"Applebee's, Orange Fanta, 16 Oz",Applebee's,"beverages-and-beverages-preparations, beverages",united-states,Unknown,Unknown,Unknown,b,Unknown,Unknown,undefined,1.27,5.92
7850304592947357382072,"Applebee's, Orange Fanta, 30 Oz",Applebee's,"beverages-and-beverages-preparations, beverages",united-states,Unknown,Unknown,Unknown,b,Unknown,Unknown,undefined,0.564,2.25
950271224898226242249,"Applebee's, Strawberry Fanta, 16 Oz",Applebee's,"beverages-and-beverages-preparations, beverages",united-states,Unknown,Unknown,Unknown,b,Unknown,Unknown,undefined,1.48,5.92
43269046973380493,"Applebee's, Strawberry Fanta, 30 Oz",Applebee's,"beverages-and-beverages-preparations, beverages",united-states,Unknown,Unknown,Unknown,b,Unknown,Unknown,undefined,0.676,2.71
4182909984557823403862,"Auntie Anne's, Orange Fanta, 16 Oz",Auntie Anne's,"beverages-and-beverages-preparations, beverages",united-states,Unknown,Unknown,Unknown,c,Unknown,Unknown,undefined,2.11,8.45
122427342499919789416,"Auntie Anne's, Orange Fanta, 21 Oz",Auntie Anne's,"beverages-and-beverages-preparations, beverages",united-states,Unknown,Unknown,Unknown,b,Unknown,Unknown,undefined,1.61,6.44
922719684228388954224,"Auntie Anne's, Orange Fanta, 32 Oz",Auntie Anne's,"beverages-and-beverages-preparations, beverages",united-states,Unknown,Unknown,Unknown,b,Unknown,Unknown,undefined,1.06,4.23
21606694599463276743,"Burger King, Fanta Orange, 16 Fl Oz",Burger King,"beverages-and-beverages-preparations, beverages",united-states,Unknown,Unknown,Unknown,c,Unknown,Unknown,undefined,2.75,11.8
28470880407488954015536,"Burger King, Fanta Orange, 20 Fl Oz",Burger King,"beverages-and-beverages-preparations, beverages",united-states,Unknown,Unknown,Unknown,c,Unknown,Unknown,undefined,2.37,9.47
47364972767889,"Burger King, Fanta Orange, 29 Fl Oz",Burger King,"beverages-and-beverages-preparations, beverages",united-states,Unknown,Unknown,Unknown,b,Unknown,Unknown,undefined,1.63,6.53
89833676489354538681,"Burger King, Fanta Orange, 38 Fl Oz",Burger King,"beverages-and-beverages-preparations, beverages",united-states,Unknown,Unknown,Unknown,b,Unknown,Unknown,undefined,1.25,4.98
101817004962879742861,"Burger King, Frozen Fanta Cherry ICEE",Burger King,"beverages-and-beverages-preparations, beverages",united-states,Unknown,Unknown,Unknown,b,Unknown,Unknown,undefined,1.48,5.92
307526704168469618281,"California Pizza Kitchen, Fanta Orange",California Pizza Kitchen,"beverages-and-beverages-preparations, beverages",united-states,Unknown,Unknown,Unknown,e,Unknown,Unknown,undefined,37.0,152.0
59028449388798250777,"California Pizza Kitchen, Fanta Punch",California Pizza Kitchen,"beverages-and-beverages-preparations, beverages",united-states,Unknown,Unknown,Unknown,e,Unknown,Unknown,undefined,38.0,152.0
85359415523365927632,"Church's Chicken, Fanta Apple, Large",Church's Chicken,"beverages-and-beverages-preparations, beverages",united-states,Unknown,Unknown,Unknown,b,Unknown,Unknown,undefined,1.58,6.31
144091455895900,"Church's Chicken, Fanta Apple, Regular",Church's Chicken,"beverages-and-beverages-preparations, beverages",united-states,Unknown,Unknown,Unknown,c,Unknown,Unknown,undefined,2.15,8.61
9046709410334678307,"Church's Chicken, Fanta Cherry, Large",Church's Chicken,"beverages-and-beverages-preparations, beverages",united-states,Unknown,Unknown,Unknown,b,Unknown,Unknown,undefined,1.58,6.31
48900643853941789,"Church's Chicken, Fanta Cherry, Regular",Church's Chicken,"beverages-and-beverages-preparations, beverages",united-states,Unknown,Unknown,Unknown,b,Unknown,Unknown,undefined,2.0,7.99
55245239246590048969,"Church's Chicken, Fanta Grape, Large",Church's Chicken,"beverages-and-beverages-preparations, beverages",united-states,Unknown,Unknown,Unknown,b,Unknown,Unknown,undefined,1.58,6.31
22316965024883629299,"Church's Chicken, Fanta Grape, Regular",Church's Chicken,"beverages-and-beverages-preparations, beverages",united-states,Unknown,Unknown,Unknown,c,Unknown,Unknown,undefined,2.15,8.61
3274730417452589,"Church's Chicken, Fanta Orange, Large",Church's Chicken,"beverages-and-beverages-preparations, beverages",united-states,Unknown,Unknown,Unknown,b,Unknown,Unknown,undefined,1.58,6.31
57934348838214761,"Church's Chicken, Fanta Orange, Regular",Church's Chicken,"beverages-and-beverages-preparations, beverages",united-states,Unknown,Unknown,Unknown,b,Unknown,Unknown,undefined,2.0,8.61
70117765448718336239339,"Church's Chicken, Fanta Strawberry, Large",Church's Chicken,"beverages-and-beverages-preparations, beverages",united-states,Unknown,Unknown,Unknown,b,Unknown,Unknown,undefined,1.69,6.76
383664941922118935390,"Church's Chicken, Fanta Strawberry, Regular",Church's Chicken,"beverages-and-beverages-preparations, beverages",united-states,Unknown,Unknown,Unknown,c,Unknown,Unknown,undefined,2.31,9.22
666509438382184177355,"Del Taco, Fanta Orange, Kids, 12 Oz",Del Taco,"beverages-and-beverages-preparations, beverages",united-states,Unknown,Unknown,Unknown,unknown,Unknown,Unknown,undefined,2.54,11.3
8438654770677068498,"Del Taco, Fanta Orange, Macho, 42 Oz",Del Taco,"beverages-and-beverages-preparations, beverages",united-states,Unknown,Unknown,Unknown,unknown,Unknown,Unknown,undefined,0.725,3.22
8082963418334282785,"Del Taco, Fanta Orange, Medium, 30 Oz",Del Taco,"beverages-and-beverages-preparations, beverages",united-states,Unknown,Unknown,Unknown,unknown,Unknown,Unknown,undefined,1.01,4.51
65544928578158,"Del Taco, Fanta Orange, Small, 20 Oz",Del Taco,"beverages-and-beverages-preparations, beverages",united-states,Unknown,Unknown,Unknown,unknown,Unknown,Unknown,undefined,1.69,6.76
91798671424266227060760,"El Pollo Loco, Fanta Orange, Large",El Pollo Loco,"beverages-and-beverages-preparations, beverages",united-states,Unknown,Unknown,Unknown,b,Unknown,Unknown,undefined,1.9,8.22
42432344904539931,"El Pollo Loco, Fanta Orange, Small",El Pollo Loco,"beverages-and-beverages-preparations, beverages",united-states,Unknown,Unknown,Unknown,c,Unknown,Unknown,undefined,2.78,12.1
50356574431855461911,"Firehouse Subs, Diet Fanta Vanilla, Specialty, 12 Fl Oz",Firehouse Subs,"beverages-and-beverages-preparations, beverages",united-states,Unknown,Unknown,Unknown,b,Unknown,Unknown,undefined,0.0,0.0
6302546489985531157672,"Firehouse Subs, Diet Fanta Vanilla, Specialty, 22 Fl Oz",Firehouse Subs,"beverages-and-beverages-preparations, beverages",united-states,Unknown,Unknown,Unknown,b,Unknown,Unknown,undefined,0.0,0.0
46919350461965674877,"Firehouse Subs, Diet Fanta Vanilla, Specialty, 32 Fl Oz",Firehouse Subs,"beverages-and-beverages-preparations, beverages",united-states,Unknown,Unknown,Unknown,b,Unknown,Unknown,undefined,0.0,0.0
6458454006211772790,"Firehouse Subs, Diet Fanta Vanilla, Specialty, 44 Fl Oz",Firehouse Subs,"beverages-and-beverages-preparations, beverages",united-states,Unknown,Unknown,Unknown,b,Unknown,Unknown,undefined,0.0,0.0
780545249849599103,"Firehouse Subs, Fanta Cherry, 12 Fl Oz",Firehouse Subs,"beverages-and-beverages-preparations, beverages",united-states,Unknown,Unknown,Unknown,c,Unknown,Unknown,undefined,3.66,14.7
238865954748045371067173,"Firehouse Subs, Fanta Cherry, 22 Fl Oz",Firehouse Subs,"beverages-and-beverages-preparations, beverages",united-states,Unknown,Unknown,Unknown,b,Unknown,Unknown,undefined,2.0,7.99
78608510048770938784,"Firehouse Subs, Fanta Cherry, 32 Fl Oz",Firehouse Subs,"beverages-and-beverages-preparations, beverages",united-states,Unknown,Unknown,Unknown,b,Unknown,Unknown,undefined,1.37,5.49
360606241931989650,"Firehouse Subs, Fanta Cherry, 44 Fl Oz",Firehouse Subs,"beverages-and-beverages-preparations, beverages",united-states,Unknown,Unknown,Unknown,b,Unknown,Unknown,undefined,0.999,4.0
80529645838443,"Firehouse Subs, Fanta Fruit Punch, 12 Fl Oz",Firehouse Subs,"beverages-and-beverages-preparations, beverages",united-states,Unknown,Unknown,Unknown,c,Unknown,Unknown,undefined,3.66,14.7
345516824828620722452,"Firehouse Subs, Fanta Fruit Punch, 22 Fl Oz",Firehouse Subs,"beverages-and-beverages-preparations, beverages",united-states,Unknown,Unknown,Unknown,b,Unknown,Unknown,undefined,2.0,7.99
6497804944936869777,"Firehouse Subs, Fanta Fruit Punch, 32 Fl Oz",Firehouse Subs,"beverages-and-beverages-preparations, beverages",united-states,Unknown,Unknown,Unknown,b,Unknown,Unknown,undefined,0.211,5.49
7539239447824607597,"Firehouse Subs, Fanta Fruit Punch, 44 Fl Oz",Firehouse Subs,"beverages-and-beverages-preparations, beverages",united-states,Unknown,Unknown,Unknown,b,Unknown,Unknown,undefined,0.999,4.0
355019844698876496738999,"Firehouse Subs, Fanta Grape, 12 Fl Oz",Firehouse Subs,"beverages-and-beverages-preparations, beverages",united-states,Unknown,Unknown,Unknown,c,Unknown,Unknown,undefined,3.66,14.7
337450632711122,"Firehouse Subs, Fanta Grape, 22 Fl Oz",Firehouse Subs,"beverages-and-beverages-preparations, beverages",united-states,Unknown,Unknown,Unknown,b,Unknown,Unknown,undefined,2.0,7.99
567572431116977004,"Firehouse Subs, Fanta Grape, 32 Fl Oz",Firehouse Subs,"beverages-and-beverages-preparations, beverages",united-states,Unknown,Unknown,Unknown,b,Unknown,Unknown,undefined,1.37,5.49
904303413209368673,"Firehouse Subs, Fanta Grape, 44 Fl Oz",Firehouse Subs,"beverages-and-beverages-preparations, beverages",united-states,Unknown,Unknown,Unknown,b,Unknown,Unknown,undefined,0.999,4.0
93428848848561578,"Firehouse Subs, Fanta Lime, 12 Fl Oz",Firehouse Subs,"beverages-and-beverages-preparations, beverages",united-states,Unknown,Unknown,Unknown,c,Unknown,Unknown,undefined,3.66,14.7
9485157424909165883,"Firehouse Subs, Fanta Lime, 22 Fl Oz",Firehouse Subs,"beverages-and-beverages-preparations, beverages",united-states,Unknown,Unknown,Unknown,b,Unknown,Unknown,undefined,2.0,7.99
97335884738134426577907,"Firehouse Subs, Fanta Lime, 32 Fl Oz",Firehouse Subs,"beverages-and-beverages-preparations, beverages",united-states,Unknown,Unknown,Unknown,b,Unknown,Unknown,undefined,1.37,5.49
426769294691729914,"Firehouse Subs, Fanta Lime, 44 Fl Oz",Firehouse Subs,"beverages-and-beverages-preparations, beverages",united-states,Unknown,Unknown,Unknown,b,Unknown,Unknown,undefined,0.999,4.0
8492485423973563907,"Firehouse Subs, Fanta Orange, 12 Fl Oz",Firehouse Subs,"beverages-and-beverages-preparations, beverages",united-states,Unknown,Unknown,Unknown,c,Unknown,Unknown,undefined,3.66,14.7
3980416935467443585,"Firehouse Subs, Fanta Orange, 22 Fl Oz",Firehouse Subs,"beverages-and-beverages-preparations, beverages",united-states,Unknown,Unknown,Unknown,b,Unknown,Unknown,undefined,2.0,7.99
51835472044988448121731078,"Firehouse Subs, Fanta Orange, 32 Fl Oz",Firehouse Subs,"beverages-and-beverages-preparations, beverages",united-states,Unknown,Unknown,Unknown,b,Unknown,Unknown,undefined,1.37,5.49
351732664504907929,"Firehouse Subs, Fanta Orange, 44 Fl Oz",Firehouse Subs,"beverages-and-beverages-preparations, beverages",united-states,Unknown,Unknown,Unknown,b,Unknown,Unknown,undefined,0.999,4.0
16047571245220465,"Firehouse Subs, Fanta Peach, 12 Fl Oz",Firehouse Subs,"beverages-and-beverages-preparations, beverages",united-states,Unknown,Unknown,Unknown,c,Unknown,Unknown,undefined,3.66,14.7
36565795204958020097081726,"Firehouse Subs, Fanta Peach, 22 Fl Oz",Firehouse Subs,"beverages-and-beverages-preparations, beverages",united-states,Unknown,Unknown,Unknown,b,Unknown,Unknown,undefined,2.0,7.99
19283606489977760070580,"Firehouse Subs, Fanta Peach, 32 Fl Oz",Firehouse Subs,"beverages-and-beverages-preparations, beverages",united-states,Unknown,Unknown,Unknown,b,Unknown,Unknown,undefined,1.37,5.49
78034947479371368712,"Firehouse Subs, Fanta Peach, 44 Fl Oz",Firehouse Subs,"beverages-and-beverages-preparations, beverages",united-states,Unknown,Unknown,Unknown,b,Unknown,Unknown,undefined,0.999,4.0
43684273895020110,"Firehouse Subs, Fanta Raspberry, 12 Fl Oz",Firehouse Subs,"beverages-and-beverages-preparations, beverages",united-states,Unknown,Unknown,Unknown,c,Unknown,Unknown,undefined,3.66,14.7
80009904394400,"Firehouse Subs, Fanta Raspberry, 22 Fl Oz",Firehouse Subs,"beverages-and-beverages-preparations, beverages",united-states,Unknown,Unknown,Unknown,b,Unknown,Unknown,undefined,2.0,7.99
62753974929977504143440,"Firehouse Subs, Fanta Raspberry, 32 Fl Oz",Firehouse Subs,"beverages-and-beverages-preparations, beverages",united-states,Unknown,Unknown,Unknown,b,Unknown,Unknown,undefined,1.37,5.49
44189143680693168381,"Firehouse Subs, Fanta Raspberry, 44 Fl Oz",Firehouse Subs,"beverages-and-beverages-preparations, beverages",united-states,Unknown,Unknown,Unknown,b,Unknown,Unknown,undefined,0.999,4.0
5385044606144938658,"Firehouse Subs, Fanta Strawberry, 12 Fl Oz",Firehouse Subs,"beverages-and-beverages-preparations, beverages",united-states,Unknown,Unknown,Unknown,c,Unknown,Unknown,undefined,3.66,14.7
145346498414778858319,"Firehouse Subs, Fanta Strawberry, 22 Fl Oz",Firehouse Subs,"beverages-and-beverages-preparations, beverages",united-states,Unknown,Unknown,Unknown,b,Unknown,Unknown,undefined,2.0,7.99
6926254995276652482,"Firehouse Subs, Fanta Strawberry, 32 Fl Oz",Firehouse Subs,"beverages-and-beverages-preparations, beverages",united-states,Unknown,Unknown,Unknown,b,Unknown,Unknown,undefined,1.37,5.49
346842874509588666668,"Firehouse Subs, Fanta Strawberry, 44 Fl Oz",Firehouse Subs,"beverages-and-beverages-preparations, beverages",united-states,Unknown,Unknown,Unknown,b,Unknown,Unknown,undefined,0.999,4.0
29196470260388901636,"Firehouse Subs, Fanta Vanilla, Specialty, 12 Fl Oz",Firehouse Subs,"beverages-and-beverages-preparations, beverages",united-states,Unknown,Unknown,Unknown,c,Unknown,Unknown,undefined,3.66,14.7
31159046488895083183,"Firehouse Subs, Fanta Vanilla, Specialty, 22 Fl Oz",Firehouse Subs,"beverages-and-beverages-preparations, beverages",united-states,Unknown,Unknown,Unknown,b,Unknown,Unknown,undefined,2.0,7.99
50837424558985892249,"Firehouse Subs, Fanta Vanilla, Specialty, 32 Fl Oz",Firehouse Subs,"beverages-and-beverages-preparations, beverages",united-states,Unknown,Unknown,Unknown,b,Unknown,Unknown,undefined,1.37,5.49
2372974492665619350,"Firehouse Subs, Fanta Vanilla, Specialty, 44 Fl Oz",Firehouse Subs,"beverages-and-beverages-preparations, beverages",united-states,Unknown,Unknown,Unknown,b,Unknown,Unknown,undefined,0.999,4.0
27545991408125968,"Firehouse Subs, Fanta Zero Cherry, 12 Fl Oz",Firehouse Subs,"beverages-and-beverages-preparations, beverages",united-states,Unknown,Unknown,Unknown,b,Unknown,Unknown,undefined,0.0,0.0
2291421439917456002,"Firehouse Subs, Fanta Zero Cherry, 22 Fl Oz",Firehouse Subs,"beverages-and-beverages-preparations, beverages",united-states,Unknown,Unknown,Unknown,b,Unknown,Unknown,undefined,0.0,0.0
33719621498625192323,"Firehouse Subs, Fanta Zero Cherry, 32 Fl Oz",Firehouse Subs,"beverages-and-beverages-preparations, beverages",united-states,Unknown,Unknown,Unknown,b,Unknown,Unknown,undefined,0.0,0.0
53926295674113458030428,"Firehouse Subs, Fanta Zero Cherry, 44 Fl Oz",Firehouse Subs,"beverages-and-beverages-preparations, beverages",united-states,Unknown,Unknown,Unknown,b,Unknown,Unknown,undefined,0.0,0.0
737684320687343,"Firehouse Subs, Fanta Zero Fruit Punch, 12 Fl Oz",Firehouse Subs,"beverages-and-beverages-preparations, beverages",united-states,Unknown,Unknown,Unknown,b,Unknown,Unknown,undefined,0.0,0.0
4170147342866895425,"Firehouse Subs, Fanta Zero Fruit Punch, 22 Fl Oz",Firehouse Subs,"beverages-and-beverages-preparations, beverages",united-states,Unknown,Unknown,Unknown,b,Unknown,Unknown,undefined,0.0,0.0
89206499217388029162,"Firehouse Subs, Fanta Zero Fruit Punch, 32 Fl Oz",Firehouse Subs,"beverages-and-beverages-preparations, beverages",united-states,Unknown,Unknown,Unknown,b,Unknown,Unknown,undefined,0.0,0.0
3450379724128838801312,"Firehouse Subs, Fanta Zero Fruit Punch, 44 Fl Oz",Firehouse Subs,"beverages-and-beverages-preparations, beverages",united-states,Unknown,Unknown,Unknown,b,Unknown,Unknown,undefined,0.0,0.0
272127494272644203,"Firehouse Subs, Fanta Zero Grape, 12 Fl Oz",Firehouse Subs,"beverages-and-beverages-preparations, beverages",united-states,Unknown,Unknown,Unknown,b,Unknown,Unknown,undefined,0.0,0.0
32721491256897593673,"Firehouse Subs, Fanta Zero Grape, 22 Fl Oz",Firehouse Subs,"beverages-and-beverages-preparations, beverages",united-states,Unknown,Unknown,Unknown,b,Unknown,Unknown,undefined,0.0,0.0
8074241428423418653,"Firehouse Subs, Fanta Zero Grape, 32 Fl Oz",Firehouse Subs,"beverages-and-beverages-preparations, beverages",united-states,Unknown,Unknown,Unknown,b,Unknown,Unknown,undefined,0.0,0.0
61413778547488564497,"Firehouse Subs, Fanta Zero Grape, 44 Fl Oz",Firehouse Subs,"beverages-and-beverages-preparations, beverages",united-states,Unknown,Unknown,Unknown,b,Unknown,Unknown,undefined,0.0,0.0
3892375446452306825,"Firehouse Subs, Fanta Zero Lime, 12 Fl Oz",Firehouse Subs,"beverages-and-beverages-preparations, beverages",united-states,Unknown,Unknown,Unknown,b,Unknown,Unknown,undefined,0.0,0.0
277214045517734281,"Firehouse Subs, Fanta Zero Lime, 22 Fl Oz",Firehouse Subs,"beverages-and-beverages-preparations, beverages",united-states,Unknown,Unknown,Unknown,b,Unknown,Unknown,undefined,0.0,0.0
677214448354254157,"Firehouse Subs, Fanta Zero Lime, 32 Fl Oz",Firehouse Subs,"beverages-and-beverages-preparations, beverages",united-states,Unknown,Unknown,Unknown,b,Unknown,Unknown,undefined,0.0,0.0
43234653494383530882024,"Firehouse Subs, Fanta Zero Lime, 44 Fl Oz",Firehouse Subs,"beverages-and-beverages-preparations, beverages",united-states,Unknown,Unknown,Unknown,b,Unknown,Unknown,undefined,0.0,0.0
7692032674238330553432,"Firehouse Subs, Fanta Zero Orange, 12 Fl Oz",Firehouse Subs,"beverages-and-beverages-preparations, beverages",united-states,Unknown,Unknown,Unknown,b,Unknown,Unknown,undefined,0.0,0.0
6009614446767130,"Firehouse Subs, Fanta Zero Orange, 22 Fl Oz",Firehouse Subs,"beverages-and-beverages-preparations, beverages",united-states,Unknown,Unknown,Unknown,b,Unknown,Unknown,undefined,0.0,0.0
592749125489771565839531,"Firehouse Subs, Fanta Zero Orange, 32 Fl Oz",Firehouse Subs,"beverages-and-beverages-preparations, beverages",united-states,Unknown,Unknown,Unknown,b,Unknown,Unknown,undefined,0.0,0.0
273740707409641171,"Firehouse Subs, Fanta Zero Orange, 44 Fl Oz",Firehouse Subs,"beverages-and-beverages-preparations, beverages",united-states,Unknown,Unknown,Unknown,b,Unknown,Unknown,undefined,0.0,0.0
523223850547592003186,"Firehouse Subs, Fanta Zero Peach, 12 Fl Oz",Firehouse Subs,"beverages-and-beverages-preparations, beverages",united-states,Unknown,Unknown,Unknown,b,Unknown,Unknown,undefined,0.0,0.0
29978394580530,"Firehouse Subs, Fanta Zero Peach, 22 Fl Oz",Firehouse Subs,"beverages-and-beverages-preparations, beverages",united-states,Unknown,Unknown,Unknown,b,Unknown,Unknown,undefined,0.0,0.0
233731438856359582,"Firehouse Subs, Fanta Zero Peach, 32 Fl Oz",Firehouse Subs,"beverages-and-beverages-preparations, beverages",united-states,Unknown,Unknown,Unknown,b,Unknown,Unknown,undefined,0.0,0.0
68421992104938,"Firehouse Subs, Fanta Zero Peach, 44 Fl Oz",Firehouse Subs,"beverages-and-beverages-preparations, beverages",united-states,Unknown,Unknown,Unknown,b,Unknown,Unknown,undefined,0.0,0.0
12196132834529661787406727,"Firehouse Subs, Fanta Zero Raspberry, 12 Fl Oz",Firehouse Subs,"beverages-and-beverages-preparations, beverages",united-states,Unknown,Unknown,Unknown,b,Unknown,Unknown,undefined,0.0,0.0
767198835408555326583916,"Firehouse Subs, Fanta Zero Raspberry, 22 Fl Oz",Firehouse Subs,"beverages-and-beverages-preparations, beverages",united-states,Unknown,Unknown,Unknown,b,Unknown,Unknown,undefined,0.0,0.0
8992090841532178015,"Firehouse Subs, Fanta Zero Raspberry, 32 Fl Oz",Firehouse Subs,"beverages-and-beverages-preparations, beverages",united-states,Unknown,Unknown,Unknown,b,Unknown,Unknown,undefined,0.0,0.0
63946146299275732211,"Firehouse Subs, Fanta Zero Raspberry, 44 Fl Oz",Firehouse Subs,"beverages-and-beverages-preparations, beverages",united-states,Unknown,Unknown,Unknown,b,Unknown,Unknown,undefined,0.0,0.0
53033168724323859309,"Firehouse Subs, Fanta Zero Strawberry, 12 Fl Oz",Firehouse Subs,"beverages-and-beverages-preparations, beverages",united-states,Unknown,Unknown,Unknown,b,Unknown,Unknown,undefined,0.0,0.0
31398042390045102252,"Firehouse Subs, Fanta Zero Strawberry, 22 Fl Oz",Firehouse Subs,"beverages-and-beverages-preparations, beverages",united-states,Unknown,Unknown,Unknown,b,Unknown,Unknown,undefined,0.0,0.0
8485004268774072,"Firehouse Subs, Fanta Zero Strawberry, 32 Fl Oz",Firehouse Subs,"beverages-and-beverages-preparations, beverages",united-states,Unknown,Unknown,Unknown,b,Unknown,Unknown,undefined,0.0,0.0
573397540655769145,"Firehouse Subs, Fanta Zero Strawberry, 44 Fl Oz",Firehouse Subs,"beverages-and-beverages-preparations, beverages",united-states,Unknown,Unknown,Unknown,b,Unknown,Unknown,undefined,0.0,0.0
361406891370398,"Friendly's, Fanta Orange",Friendly's,"beverages-and-beverages-preparations, beverages",united-states,Unknown,Unknown,Unknown,e,Unknown,Unknown,undefined,30.0,120.0
4160636439979177575829,"Friendly's, Fantastic Floats, Barqs Root Beer",Friendly's,"beverages-and-beverages-preparations, beverages",united-states,Unknown,Unknown,Unknown,e,Unknown,Unknown,undefined,40.0,160.0
64615424492619829,"Golden Corral, Fanta Orange",Golden Corral,"beverages-and-beverages-preparations, beverages",united-states,Unknown,Unknown,Unknown,c,Unknown,Unknown,undefined,3.66,14.7
317794680474976862361613,"Golden Corral, Fanta Strawberry",Golden Corral,"beverages-and-beverages-preparations, beverages",united-states,Unknown,Unknown,Unknown,c,Unknown,Unknown,undefined,3.66,14.7
8709498255776718,"IHOP, Fanta Orange, 16 Fl Oz",IHOP,"beverages-and-beverages-preparations, beverages",united-states,Unknown,Unknown,Unknown,b,Unknown,Unknown,undefined,1.48,6.76
6802338164728863436284,"IHOP, Fanta Orange, 30 Fl Oz",IHOP,"beverages-and-beverages-preparations, beverages",united-states,Unknown,Unknown,Unknown,b,Unknown,Unknown,undefined,0.902,3.61
993252242329099527435,"Jack In The Box, Fanta Zero, 16 Fl Oz",Jack in the Box,"beverages-and-beverages-preparations, beverages",united-states,Unknown,Unknown,Unknown,b,Unknown,Unknown,undefined,0.0,0.0
102643696893633,"Jack In The Box, Fanta Zero, 20 Fl Oz",Jack in the Box,"beverages-and-beverages-preparations, beverages",united-states,Unknown,Unknown,Unknown,b,Unknown,Unknown,undefined,0.0,0.0
9408109460683424536,"Jack In The Box, Fanta Zero, 30 Fl Oz",Jack in the Box,"beverages-and-beverages-preparations, beverages",united-states,Unknown,Unknown,Unknown,b,Unknown,Unknown,undefined,0.0,0.0
57618519446935612097,"Jack In The Box, Fanta Zero, 40 Fl Oz",Jack in the Box,"beverages-and-beverages-preparations, beverages",united-states,Unknown,Unknown,Unknown,b,Unknown,Unknown,undefined,0.0,0.0
2120449740839569964,"Jack In The Box, Fanta, 16 Fl Oz",Jack in the Box,"beverages-and-beverages-preparations, beverages",united-states,Unknown,Unknown,Unknown,c,Unknown,Unknown,undefined,2.75,11.0
8470906444804683710124,"Jack In The Box, Fanta, 20 Fl Oz",Jack in the Box,"beverages-and-beverages-preparations, beverages",united-states,Unknown,Unknown,Unknown,c,Unknown,Unknown,undefined,2.2,8.79
67174411929307,"Jack In The Box, Fanta, 30 Fl Oz",Jack in the Box,"beverages-and-beverages-preparations, beverages",united-states,Unknown,Unknown,Unknown,b,Unknown,Unknown,undefined,1.47,5.86
21170024628746787912,"Jack In The Box, Fanta, 40 Fl Oz",Jack in the Box,"beverages-and-beverages-preparations, beverages",united-states,Unknown,Unknown,Unknown,b,Unknown,Unknown,undefined,1.1,4.4
67111040994117056691476600,"McDonald's, Fanta Orange, Extra Small",McDonald's,"beverages-and-beverages-preparations, beverages",united-states,Unknown,Unknown,Unknown,e,Unknown,Unknown,undefined,32.0,132.0
116738516642822672915,"McDonald's, Fanta Orange, Large",McDonald's,"beverages-and-beverages-preparations, beverages",united-states,Unknown,Unknown,Unknown,e,Unknown,Unknown,undefined,32.0,132.0
7422624994147364,"McDonald's, Fanta Orange, Medium",McDonald's,"beverages-and-beverages-preparations, beverages",united-states,Unknown,Unknown,Unknown,e,Unknown,Unknown,undefined,32.0,132.0
110427876177880,"McDonald's, Fanta Orange, Small",McDonald's,"beverages-and-beverages-preparations, beverages",united-states,Unknown,Unknown,Unknown,e,Unknown,Unknown,undefined,43.0,176.0
742169344364187421129,"Papa John's, Fanta Orange, 2 Liter",Papa John's,"beverages-and-beverages-preparations, beverages",united-states,Unknown,Unknown,Unknown,e,Unknown,Unknown,undefined,254.0,1020.0
93448191326363052,"Perkins, Add On Breaded Fantail Shrimp, Fried, 4 Shrimp",Perkins,entrees,united-states,Unknown,Unknown,Unknown,c,Unknown,Unknown,undefined,2.68,180.0
1559735148424259218,"Popeyes, Fanta Orange",Popeyes,"beverages-and-beverages-preparations, beverages",united-states,Unknown,Unknown,Unknown,b,Unknown,Unknown,undefined,2.0,7.99
429202047462986884776,"Popeyes, Fanta Strawberry",Popeyes,"beverages-and-beverages-preparations, beverages",united-states,Unknown,Unknown,Unknown,b,Unknown,Unknown,undefined,2.0,7.99
25359530446855734184022,"Red Robin, Fanta Orange, Adult",Red Robin,"beverages-and-beverages-preparations, beverages",united-states,Unknown,Unknown,Unknown,e,Unknown,Unknown,undefined,48.0,196.0
8106349084415070168,"Red Robin, Fanta Orange, Kid",Red Robin,"beverages-and-beverages-preparations, beverages",united-states,Unknown,Unknown,Unknown,e,Unknown,Unknown,undefined,26.0,104.0
370067445982413443997,"Sonic, Fanta Orange, Large",Sonic,"beverages-and-beverages-preparations, beverages",united-states,Unknown,Unknown,Unknown,e,Unknown,Unknown,undefined,78.0,312.0
901415242306031677,"Sonic, Fanta Orange, Medium",Sonic,"beverages-and-beverages-preparations, beverages",united-states,Unknown,Unknown,Unknown,e,Unknown,Unknown,undefined,51.0,204.0
687201049095479642060,"Sonic, Fanta Orange, RT 44",Sonic,"beverages-and-beverages-preparations, beverages",united-states,Unknown,Unknown,Unknown,e,Unknown,Unknown,undefined,105.0,420.0
3539940764913412638,"Sonic, Fanta Orange, Small",Sonic,"beverages-and-beverages-preparations, beverages",united-states,Unknown,Unknown,Unknown,e,Unknown,Unknown,undefined,31.0,124.0
3801454059340886,"Sonic, Fanta Orange, Wacky Pack",Sonic,"beverages-and-beverages-preparations, beverages",united-states,Unknown,Unknown,Unknown,e,Unknown,Unknown,undefined,20.0,80.0
5652214173336512951,"TGI Friday's, Fanta",TGI Friday's,"beverages-and-beverages-preparations, beverages",united-states,Unknown,Unknown,Unknown,e,Unknown,Unknown,undefined,63.0,260.0
162287324480820688030,"TGI Friday's, Fanta Orange, Kids",TGI Friday's,"beverages-and-beverages-preparations, beverages",united-states,Unknown,Unknown,Unknown,e,Unknown,Unknown,undefined,48.0,196.0
93906487644626288692752,"Wendy's, Fanta Orange, Large",Wendy's,"beverages-and-beverages-preparations, beverages",united-states,Unknown,Unknown,Unknown,e,Unknown,Unknown,undefined,115.0,468.0
75413043876076210205968,"Wendy's, Fanta Orange, Medium",Wendy's,"beverages-and-beverages-preparations, beverages",united-states,Unknown,Unknown,Unknown,e,Unknown,Unknown,undefined,92.0,376.0
14698662425942247620,"Whataburger, Fanta Orange, Kids",Whataburger,"beverages-and-beverages-preparations, beverages",united-states,Unknown,Unknown,Unknown,b,Unknown,Unknown,undefined,1.9,8.45
9006434746272446580936,"Whataburger, Fanta Orange, Large, 44 Oz",Whataburger,"beverages-and-beverages-preparations, beverages",united-states,Unknown,Unknown,Unknown,b,Unknown,Unknown,undefined,0.692,3.07
43860090644674952974,"Whataburger, Fanta Orange, Medium, 32 Oz",Whataburger,"beverages-and-beverages-preparations, beverages",united-states,Unknown,Unknown,Unknown,b,Unknown,Unknown,undefined,1.37,5.49
95407074265490804751806164,"Whataburger, Fanta Orange, Small, 20 Oz",Whataburger,"beverages-and-beverages-preparations, beverages",united-states,Unknown,Unknown,Unknown,b,Unknown,Unknown,undefined,1.69,6.76
95465044099708892,"Whataburger, Fanta Strawberry, Kids, 16 Oz",Whataburger,"beverages-and-beverages-preparations, beverages",united-states,Unknown,Unknown,Unknown,b,Unknown,Unknown,undefined,1.9,7.61
75055079749759983158520,"Whataburger, Fanta Strawberry, Medium, 32 Oz",Whataburger,"beverages-and-beverages-preparations, beverages",united-states,Unknown,Unknown,Unknown,b,Unknown,Unknown,undefined,1.37,5.49
8855244447837301748689,"Whataburger, Fanta Strawberry, Small, 20 Oz",Whataburger,"beverages-and-beverages-preparations, beverages",united-states,Unknown,Unknown,Unknown,b,Unknown,Unknown,undefined,1.69,6.76
3812284866681700,"White Castle, Crave Cooler Fanta Wild Cherry, Large",White Castle,"beverages-and-beverages-preparations, beverages",united-states,Unknown,Unknown,Unknown,b,Unknown,Unknown,undefined,0.338,1.35
3893136447470287,"White Castle, Crave Cooler Fanta Wild Cherry, Medium",White Castle,"beverages-and-beverages-preparations, beverages",united-states,Unknown,Unknown,Unknown,b,Unknown,Unknown,undefined,0.564,2.25
373385445129687258790099,"White Castle, Crave Cooler Fanta Wild Cherry, Small",White Castle,"beverages-and-beverages-preparations, beverages",united-states,Unknown,Unknown,Unknown,b,Unknown,Unknown,undefined,0.805,3.22
6709864006919787758408,"White Castle, Fanta Grape Soda, Kids",White Castle,"beverages-and-beverages-preparations, beverages",united-states,Unknown,Unknown,Unknown,c,Unknown,Unknown,undefined,4.73,18.9
115082740445518155598721,"White Castle, Fanta Grape Soda, Large",White Castle,"beverages-and-beverages-preparations, beverages",united-states,Unknown,Unknown,Unknown,b,Unknown,Unknown,undefined,1.27,5.07
4806253042813945746420,"White Castle, Fanta Grape Soda, Medium",White Castle,"beverages-and-beverages-preparations, beverages",united-states,Unknown,Unknown,Unknown,b,Unknown,Unknown,undefined,1.69,6.76
847132634368756606752,"White Castle, Fanta Grape Soda, Small",White Castle,"beverages-and-beverages-preparations, beverages",united-states,Unknown,Unknown,Unknown,c,Unknown,Unknown,undefined,2.42,9.66
22697310461950002670,"White Castle, Fanta Orange Soda, Kids",White Castle,"beverages-and-beverages-preparations, beverages",united-states,Unknown,Unknown,Unknown,c,Unknown,Unknown,undefined,5.41,21.6
216885149411877649,"White Castle, Fanta Orange Soda, Large",White Castle,"beverages-and-beverages-preparations, beverages",united-states,Unknown,Unknown,Unknown,b,Unknown,Unknown,undefined,1.27,5.07
56844784917779058,"White Castle, Fanta Orange Soda, Medium",White Castle,"beverages-and-beverages-preparations, beverages",united-states,Unknown,Unknown,Unknown,b,Unknown,Unknown,undefined,1.69,6.76
18101840195232772,"White Castle, Fanta Orange Soda, Small",White Castle,"beverages-and-beverages-preparations, beverages",united-states,Unknown,Unknown,Unknown,c,Unknown,Unknown,undefined,2.42,9.66
37032274350433144669,"White Castle, Fanta Strawberry Soda, Kids",White Castle,"beverages-and-beverages-preparations, beverages",united-states,Unknown,Unknown,Unknown,c,Unknown,Unknown,undefined,4.73,18.9
455000144662022103169823,"White Castle, Fanta Strawberry Soda, Large",White Castle,"beverages-and-beverages-preparations, beverages",united-states,Unknown,Unknown,Unknown,b,Unknown,Unknown,undefined,1.27,5.07
13371014747009615199,"White Castle, Fanta Strawberry Soda, Medium",White Castle,"beverages-and-beverages-preparations, beverages",united-states,Unknown,Unknown,Unknown,b,Unknown,Unknown,undefined,1.69,6.76
13747849494421600595,"White Castle, Fanta Strawberry Soda, Small",White Castle,"beverages-and-beverages-preparations, beverages",united-states,Unknown,Unknown,Unknown,c,Unknown,Unknown,undefined,2.42,9.66
31059350488869172245699,"Zaxby's, Fanta Cherry, 12 Oz",Zaxby's,"beverages-and-beverages-preparations, beverages",united-states,Unknown,Unknown,Unknown,c,Unknown,Unknown,undefined,3.66,14.7
285231694744216840599,"Zaxby's, Fanta Cherry, 22 Oz",Zaxby's,"beverages-and-beverages-preparations, beverages",united-states,Unknown,Unknown,Unknown,b,Unknown,Unknown,undefined,2.0,7.99
96273947423370034,"Zaxby's, Fanta Cherry, 32 Oz",Zaxby's,"beverages-and-beverages-preparations, beverages",united-states,Unknown,Unknown,Unknown,b,Unknown,Unknown,undefined,1.37,5.49
52352244686797840866,"Zaxby's, Fanta Cherry, 42 Oz",Zaxby's,"beverages-and-beverages-preparations, beverages",united-states,Unknown,Unknown,Unknown,b,Unknown,Unknown,undefined,1.05,4.19
105395384341510560909,"Zaxby's, Fanta Orange, 12 Oz, Kiddie",Zaxby's,"beverages-and-beverages-preparations, beverages",united-states,Unknown,Unknown,Unknown,c,Unknown,Unknown,undefined,3.66,14.7
56432548343382872184,"Zaxby's, Fanta Orange, 22 Oz",Zaxby's,"beverages-and-beverages-preparations, beverages",united-states,Unknown,Unknown,Unknown,b,Unknown,Unknown,undefined,2.0,7.99
577636379640494380193,"Zaxby's, Fanta Orange, 32 Oz",Zaxby's,"beverages-and-beverages-preparations, beverages",united-states,Unknown,Unknown,Unknown,b,Unknown,Unknown,undefined,1.37,5.49
245048642114523546,"Zaxby's, Fanta Orange, 42 Oz",Zaxby's,"beverages-and-beverages-preparations, beverages",united-states,Unknown,Unknown,Unknown,b,Unknown,Unknown,undefined,1.05,4.19
9625774079230239903953,"Zaxby's, Fanta Peach, 12 Oz, Kiddie",Zaxby's,"beverages-and-beverages-preparations, beverages",united-states,Unknown,Unknown,Unknown,c,Unknown,Unknown,undefined,3.66,14.7
77388645994969679,"Zaxby's, Fanta Peach, 22 Oz",Zaxby's,"beverages-and-beverages-preparations, beverages",united-states,Unknown,Unknown,Unknown,b,Unknown,Unknown,undefined,2.0,7.99
3247285306643007442533213,"Zaxby's, Fanta Peach, 32 Oz",Zaxby's,"beverages-and-beverages-preparations, beverages",united-states,Unknown,Unknown,Unknown,b,Unknown,Unknown,undefined,1.37,5.49
418361841259081296494,"Zaxby's, Fanta Peach, 42 Oz",Zaxby's,"beverages-and-beverages-preparations, beverages",united-states,Unknown,Unknown,Unknown,b,Unknown,Unknown,undefined,1.05,4.19
10781974779955320576,"Zaxby's, Fanta Strawberry, 12 Oz, Kiddie",Zaxby's,"beverages-and-beverages-preparations, beverages",united-states,Unknown,Unknown,Unknown,c,Unknown,Unknown,undefined,3.66,14.7
95019054447986942975766,"Zaxby's, Fanta Strawberry, 22 Oz",Zaxby's,"beverages-and-beverages-preparations, beverages",united-states,Unknown,Unknown,Unknown,b,Unknown,Unknown,undefined,2.0,7.99
97699047892118677953,"Zaxby's, Fanta Strawberry, 32 Oz",Zaxby's,"beverages-and-beverages-preparations, beverages",united-states,Unknown,Unknown,Unknown,b,Unknown,Unknown,undefined,1.37,5.49
294112849408085963695,"Zaxby's, Fanta Strawberry, 44 Oz",Zaxby's,"beverages-and-beverages-preparations, beverages",united-states,Unknown,Unknown,Unknown,b,Unknown,Unknown,undefined,0.999,4.0
558538248228924878604,"McDonald's, Fanta Orange, Extra Small",McDonald's,"beverages-and-beverages-preparations, beverages",united-states,Unknown,Unknown,Unknown,e,Unknown,Unknown,undefined,32.0,132.0
17484947343224877378,"McDonald's, Fanta Orange, Large",McDonald's,"beverages-and-beverages-preparations, beverages",united-states,Unknown,Unknown,Unknown,e,Unknown,Unknown,undefined,32.0,132.0
43003824239371001655,"McDonald's, Fanta Orange, Medium",McDonald's,"beverages-and-beverages-preparations, beverages",united-states,Unknown,Unknown,Unknown,e,Unknown,Unknown,undefined,32.0,132.0
212370067464973659298937,"McDonald's, Fanta Orange, Small",McDonald's,"beverages-and-beverages-preparations, beverages",united-states,Unknown,Unknown,Unknown,e,Unknown,Unknown,undefined,43.0,176.0
38306703453046703,"Papa John's, Fanta Orange, 2 Liter",Papa John's,"beverages-and-beverages-preparations, beverages",united-states,Unknown,Unknown,Unknown,e,Unknown,Unknown,undefined,254.0,1020.0
5942321002286,Fanta Portocale 1.5l,Coca Cola,"beverages-and-beverages-preparations, plant-based-foods-and-beverages, beverages, fruit-based-foods-and-beverages, non-alcoholic-beverages, plant-based-beverages, carbonated-drinks, fruit-based-beverages, soft-drinks, sodas, fruit-soft-drinks, lemonades, sweetened-beverages",romania,Unknown,Unknown,Unknown,e,4.0,Unknown,"Apa, zahar, sirop de fructoza-glucoza, suc de portocale minimum 5%, dioxid de carbon, acidifiant acid citric – conform retetei, arome naturale de portocale cu alte arome naturale, antioxidant acid ascorbic, coloranti beta-caroten, stabilizator guma de guar.",Unknown,Unknown
309188244073272011,"Perkins, Add On Breaded Fantail Shrimp, Fried, 4 Shrimp",Perkins,entrees,united-states,Unknown,Unknown,Unknown,c,Unknown,Unknown,undefined,2.68,180.0
94502373407829237984616,"Popeyes, Fanta Orange",Popeyes,"beverages-and-beverages-preparations, beverages",united-states,Unknown,Unknown,Unknown,b,Unknown,Unknown,undefined,2.0,7.99
4357302248669355755889,"Popeyes, Fanta Strawberry",Popeyes,"beverages-and-beverages-preparations, beverages",united-states,Unknown,Unknown,Unknown,b,Unknown,Unknown,undefined,2.0,7.99
62610494009352217328,"Red Robin, Fanta Orange, Adult",Red Robin,"beverages-and-beverages-preparations, beverages",united-states,Unknown,Unknown,Unknown,e,Unknown,Unknown,undefined,48.0,196.0
4043725448896579788,"Red Robin, Fanta Orange, Kid",Red Robin,"beverages-and-beverages-preparations, beverages",united-states,Unknown,Unknown,Unknown,e,Unknown,Unknown,undefined,26.0,104.0
53672633470930470156,"Sonic, Fanta Orange, Large",Sonic,"beverages-and-beverages-preparations, beverages",united-states,Unknown,Unknown,Unknown,e,Unknown,Unknown,undefined,78.0,312.0
8651785048615105721844,"Sonic, Fanta Orange, Medium",Sonic,"beverages-and-beverages-preparations, beverages",united-states,Unknown,Unknown,Unknown,e,Unknown,Unknown,undefined,51.0,204.0
749402545091867773673,"Sonic, Fanta Orange, RT 44",Sonic,"beverages-and-beverages-preparations, beverages",united-states,Unknown,Unknown,Unknown,e,Unknown,Unknown,undefined,105.0,420.0
786452829374897833,"Sonic, Fanta Orange, Small",Sonic,"beverages-and-beverages-preparations, beverages",united-states,Unknown,Unknown,Unknown,e,Unknown,Unknown,undefined,31.0,124.0
451146561264128846625038,"Sonic, Fanta Orange, Wacky Pack",Sonic,"beverages-and-beverages-preparations, beverages",united-states,Unknown,Unknown,Unknown,e,Unknown,Unknown,undefined,20.0,80.0
812309143297028543898,"TGI Friday's, Fanta",TGI Friday's,"beverages-and-beverages-preparations, beverages",united-states,Unknown,Unknown,Unknown,e,Unknown,Unknown,undefined,63.0,260.0
5965323842590041302798,"TGI Friday's, Fanta Orange, Kids",TGI Friday's,"beverages-and-beverages-preparations, beverages",united-states,Unknown,Unknown,Unknown,e,Unknown,Unknown,undefined,48.0,196.0
69716873406246903432,"Wendy's, Fanta Orange, Large",Wendy's,"beverages-and-beverages-preparations, beverages",united-states,Unknown,Unknown,Unknown,e,Unknown,Unknown,undefined,115.0,468.0
783408408673451651,"Wendy's, Fanta Orange, Medium",Wendy's,"beverages-and-beverages-preparations, beverages",united-states,Unknown,Unknown,Unknown,e,Unknown,Unknown,undefined,92.0,376.0
3948322245483656646437,"Whataburger, Fanta Orange, Kids",Whataburger,"beverages-and-beverages-preparations, beverages",united-states,Unknown,Unknown,Unknown,b,Unknown,Unknown,undefined,1.9,8.45
833149333487200733,"Whataburger, Fanta Orange, Large, 44 Oz",Whataburger,"beverages-and-beverages-preparations, beverages",united-states,Unknown,Unknown,Unknown,b,Unknown,Unknown,undefined,0.692,3.07
852292664848913829602,"Whataburger, Fanta Orange, Medium, 32 Oz",Whataburger,"beverages-and-beverages-preparations, beverages",united-states,Unknown,Unknown,Unknown,b,Unknown,Unknown,undefined,1.37,5.49
639478241847751675099,"Whataburger, Fanta Orange, Small, 20 Oz",Whataburger,"beverages-and-beverages-preparations, beverages",united-states,Unknown,Unknown,Unknown,b,Unknown,Unknown,undefined,1.69,6.76
3762505117441320040439343723,"Whataburger, Fanta Strawberry, Kids, 16 Oz",Whataburger,"beverages-and-beverages-preparations, beverages",united-states,Unknown,Unknown,Unknown,b,Unknown,Unknown,undefined,1.9,7.61
485714494800500995659,"Whataburger, Fanta Strawberry, Medium, 32 Oz",Whataburger,"beverages-and-beverages-preparations, beverages",united-states,Unknown,Unknown,Unknown,b,Unknown,Unknown,undefined,1.37,5.49
1254033447722179130366,"Whataburger, Fanta Strawberry, Small, 20 Oz",Whataburger,"beverages-and-beverages-preparations, beverages",united-states,Unknown,Unknown,Unknown,b,Unknown,Unknown,undefined,1.69,6.76
0002845510042,"White Castle, Crave Cooler Fanta Wild Cherry, Large",White Castle,"beverages-and-beverages-preparations, beverages",united-states,Unknown,Unknown,Unknown,b,Unknown,Unknown,undefined,0.338,1.35
305241459957512826,"White Castle, Crave Cooler Fanta Wild Cherry, Medium",White Castle,"beverages-and-beverages-preparations, beverages",united-states,Unknown,Unknown,Unknown,b,Unknown,Unknown,undefined,0.564,2.25
791587914434260016,"White Castle, Crave Cooler Fanta Wild Cherry, Small",White Castle,"beverages-and-beverages-preparations, beverages",united-states,Unknown,Unknown,Unknown,b,Unknown,Unknown,undefined,0.805,3.22
117877833547715787518092,"White Castle, Fanta Grape Soda, Kids",White Castle,"beverages-and-beverages-preparations, beverages",united-states,Unknown,Unknown,Unknown,c,Unknown,Unknown,undefined,4.73,18.9
615216794783786303081,"White Castle, Fanta Grape Soda, Large",White Castle,"beverages-and-beverages-preparations, beverages",united-states,Unknown,Unknown,Unknown,b,Unknown,Unknown,undefined,1.27,5.07
36138821448945818356626,"White Castle, Fanta Grape Soda, Medium",White Castle,"beverages-and-beverages-preparations, beverages",united-states,Unknown,Unknown,Unknown,b,Unknown,Unknown,undefined,1.69,6.76
558953383944709461276183,"White Castle, Fanta Grape Soda, Small",White Castle,"beverages-and-beverages-preparations, beverages",united-states,Unknown,Unknown,Unknown,c,Unknown,Unknown,undefined,2.42,9.66
7623340906538415,"White Castle, Fanta Orange Soda, Kids",White Castle,"beverages-and-beverages-preparations, beverages",united-states,Unknown,Unknown,Unknown,c,Unknown,Unknown,undefined,5.41,21.6
21137679994419993844242,"White Castle, Fanta Orange Soda, Large",White Castle,"beverages-and-beverages-preparations, beverages",united-states,Unknown,Unknown,Unknown,b,Unknown,Unknown,undefined,1.27,5.07
576275946047404949,"White Castle, Fanta Orange Soda, Medium",White Castle,"beverages-and-beverages-preparations, beverages",united-states,Unknown,Unknown,Unknown,b,Unknown,Unknown,undefined,1.69,6.76
6128247882142894374,"White Castle, Fanta Orange Soda, Small",White Castle,"beverages-and-beverages-preparations, beverages",united-states,Unknown,Unknown,Unknown,c,Unknown,Unknown,undefined,2.42,9.66
450974570586435,"White Castle, Fanta Strawberry Soda, Kids",White Castle,"beverages-and-beverages-preparations, beverages",united-states,Unknown,Unknown,Unknown,c,Unknown,Unknown,undefined,4.73,18.9
5958594412263612615,"White Castle, Fanta Strawberry Soda, Large",White Castle,"beverages-and-beverages-preparations, beverages",united-states,Unknown,Unknown,Unknown,b,Unknown,Unknown,undefined,1.27,5.07
493998745494747470637,"White Castle, Fanta Strawberry Soda, Medium",White Castle,"beverages-and-beverages-preparations, beverages",united-states,Unknown,Unknown,Unknown,b,Unknown,Unknown,undefined,1.69,6.76
3935374147915122848,"White Castle, Fanta Strawberry Soda, Small",White Castle,"beverages-and-beverages-preparations, beverages",united-states,Unknown,Unknown,Unknown,c,Unknown,Unknown,undefined,2.42,9.66
249730487995179467845852,"Zaxby's, Fanta Cherry, 12 Oz",Zaxby's,"beverages-and-beverages-preparations, beverages",united-states,Unknown,Unknown,Unknown,c,Unknown,Unknown,undefined,3.66,14.7
5545083780340313653625795,"Zaxby's, Fanta Cherry, 22 Oz",Zaxby's,"beverages-and-beverages-preparations, beverages",united-states,Unknown,Unknown,Unknown,b,Unknown,Unknown,undefined,2.0,7.99
4205170540414734503870,"Zaxby's, Fanta Cherry, 32 Oz",Zaxby's,"beverages-and-beverages-preparations, beverages",united-states,Unknown,Unknown,Unknown,b,Unknown,Unknown,undefined,1.37,5.49
525843304343612543,"Zaxby's, Fanta Cherry, 42 Oz",Zaxby's,"beverages-and-beverages-preparations, beverages",united-states,Unknown,Unknown,Unknown,b,Unknown,Unknown,undefined,1.05,4.19
2191043668637,"Zaxby's, Fanta Orange, 12 Oz, Kiddie",Zaxby's,"beverages-and-beverages-preparations, beverages",united-states,Unknown,Unknown,Unknown,c,Unknown,Unknown,undefined,3.66,14.7
95828243996341735531,"Zaxby's, Fanta Orange, 22 Oz",Zaxby's,"beverages-and-beverages-preparations, beverages",united-states,Unknown,Unknown,Unknown,b,Unknown,Unknown,undefined,2.0,7.99
1123936842549662008927,"Zaxby's, Fanta Orange, 32 Oz",Zaxby's,"beverages-and-beverages-preparations, beverages",united-states,Unknown,Unknown,Unknown,b,Unknown,Unknown,undefined,1.37,5.49
9135650083488542242004,"Zaxby's, Fanta Orange, 42 Oz",Zaxby's,"beverages-and-beverages-preparations, beverages",united-states,Unknown,Unknown,Unknown,b,Unknown,Unknown,undefined,1.05,4.19
75169064508490085431,"Zaxby's, Fanta Peach, 12 Oz, Kiddie",Zaxby's,"beverages-and-beverages-preparations, beverages",united-states,Unknown,Unknown,Unknown,c,Unknown,Unknown,undefined,3.66,14.7
591326131380475184108172316,"Zaxby's, Fanta Peach, 22 Oz",Zaxby's,"beverages-and-beverages-preparations, beverages",united-states,Unknown,Unknown,Unknown,b,Unknown,Unknown,undefined,2.0,7.99
973148736447216592698,"Zaxby's, Fanta Peach, 32 Oz",Zaxby's,"beverages-and-beverages-preparations, beverages",united-states,Unknown,Unknown,Unknown,b,Unknown,Unknown,undefined,1.37,5.49
382495384571844573684689,"Zaxby's, Fanta Peach, 42 Oz",Zaxby's,"beverages-and-beverages-preparations, beverages",united-states,Unknown,Unknown,Unknown,b,Unknown,Unknown,undefined,1.05,4.19
499714274537981284275,"Zaxby's, Fanta Strawberry, 12 Oz, Kiddie",Zaxby's,"beverages-and-beverages-preparations, beverages",united-states,Unknown,Unknown,Unknown,c,Unknown,Unknown,undefined,3.66,14.7
1896194103459356043745,"Zaxby's, Fanta Strawberry, 22 Oz",Zaxby's,"beverages-and-beverages-preparations, beverages",united-states,Unknown,Unknown,Unknown,b,Unknown,Unknown,undefined,2.0,7.99
28104444604781547086,"Zaxby's, Fanta Strawberry, 32 Oz",Zaxby's,"beverages-and-beverages-preparations, beverages",united-states,Unknown,Unknown,Unknown,b,Unknown,Unknown,undefined,1.37,5.49
20330458469161317065,"Zaxby's, Fanta Strawberry, 44 Oz",Zaxby's,"beverages-and-beverages-preparations, beverages",united-states,Unknown,Unknown,Unknown,b,Unknown,Unknown,undefined,0.999,4.0
5449000029249,Orange Zero,Fanta,Unknown,united-kingdom,Unknown,Unknown,Unknown,unknown,Unknown,Unknown,Unknown,Unknown,Unknown
5000112673968,Orange Zero Sugar,Fanta,Unknown,united-kingdom,Unknown,Unknown,Unknown,unknown,Unknown,Unknown,Unknown,Unknown,Unknown
5940628890940,fanta Lemon 0.33,Unknown,Unknown,romania,Unknown,Unknown,Unknown,unknown,Unknown,Unknown,Unknown,Unknown,Unknown
5941934021431,fanta ananas 0.33,Unknown,Unknown,romania,Unknown,Unknown,Unknown,unknown,Unknown,Unknown,Unknown,Unknown,Unknown
5941934021264,fanta exotic 0.33,Unknown,Unknown,romania,Unknown,Unknown,Unknown,unknown,Unknown,Unknown,Unknown,Unknown,Unknown
5942321002187,fanta 1l,Unknown,"beverages-and-beverages-preparations, beverages, carbonated-drinks, sodas",romania,Unknown,Unknown,Unknown,unknown,Unknown,Unknown,Unknown,Unknown,Unknown
5942321002163,Fanta Madness,Coca-Cola,"beverages-and-beverages-preparations, beverages, carbonated-drinks, sodas, sweetened-beverages",romania,Unknown,Unknown,Unknown,d,4.0,Unknown,"Apa, sirop de fructoza, sirop de glucoza, extract de fructe (mere), extract de legume (morcovi), dioxid de carbon, acidifiant: acid citric, acid malic,concentrat de struguri (0.1%), corector de aciditate: gluconat de sodiu, conservant: sorbat de potasiu, indulcitor: sucraloza, zaharinat de sodiu.",Unknown,Unknown
8886015402037,Nam Nam Fantasy Stick Choco Rainbow,Arnott's,Unknown,united-states,Unknown,Unknown,Unknown,unknown,4.0,Unknown,"sugar, wheat flour, palm oil, cocoa powder, milk powder, whey powder, lactose, malt extract, salt, emulsifier (soy lecithin), leavening agent (sodium bicarbonate), artificial flavor (vanillin), artificial color (tartrazine, sunset yellow, brilliant blue), glazing agent (carnauba wax)",Unknown,Unknown
9300633395827,Singapore Fresh Noodles,Fantastic,Unknown,australia,Unknown,Unknown,Unknown,unknown,Unknown,Unknown,Unknown,Unknown,Unknown
5449000332530,Fanta Apple Zero Sugar,Coca Cola,Unknown,united-kingdom,Unknown,Unknown,Unknown,unknown,Unknown,Unknown,Unknown,Unknown,Unknown
5449000335319,Tutti Frutti: Zero Sugar,Fanta,Unknown,united-kingdom,Unknown,Unknown,Unknown,unknown,4.0,Unknown,"carbonated water, acids (malic acid citric acid), natural flavourings, colour (lutein), sweeteners (sucralose, acesulfame k), preservative (potassium sorbate), antioxidant (ascorbic acid",Unknown,Unknown
5000112673630,Apple Zero Sugar,Fanta,Unknown,united-kingdom,Unknown,Unknown,Unknown,unknown,Unknown,Unknown,Unknown,Unknown,Unknown
9300624036449,Fanta zero sugar lemon,Fanta,Unknown,australia,Unknown,Unknown,Unknown,unknown,Unknown,Unknown,Unknown,Unknown,1.08
8002590084639,fantasie,Unknown,"snacks, sweet-snacks, confectioneries",italy,Unknown,Unknown,Unknown,unknown,Unknown,Unknown,Unknown,Unknown,Unknown
5449000333780,Fanta Raspberry,Coca Cola,Unknown,united-kingdom,Unknown,Unknown,Unknown,unknown,Unknown,Unknown,Unknown,Unknown,Unknown
5000112673852,Fanta Orange,The Coca-Cola Company,Unknown,united-kingdom,Unknown,Unknown,Unknown,unknown,Unknown,Unknown,Unknown,Unknown,Unknown
0200297008455,Rainbow Fantasy Xtra Sour Belts,World,Unknown,united-states,Unknown,Unknown,Unknown,unknown,4.0,Unknown,"corn syrup, sugar, wheat flour, modified corn starch, malic acid, palm oil, citric acid, lactic acid, sodium lactate, trisodium citrate, salt, mono-and diglycerides, artificial flavor, glycerin, color: FD, C Blue No.1, FD, C Yellow No.5, FD, C Red No.40",Unknown,Unknown
0038000228469,"Fantastic Fruit Flavored With Glittery Sparkles Cereal, Fantastic Fruit",Llama loops,"plant-based-foods-and-beverages, plant-based-foods, cereals-and-potatoes, cereals-and-their-products",united-states,Unknown,Unknown,Unknown,e,4.0,Unknown,"Sugar, Corn Flour Blend (Whole Grain Yellow Corn Flour, Degerminated Yellow Corn Flour), Wheat Flour, Whole Grain Oat Flour, Contains 2% Or Less Of Oat Fiber, Salt, Soluble Corn Fiber, Acacia Gum, Natural Flavor, Fruit Juice Concentrate, Modified Cellulose, Red 40, Color Added, Yellow 5, Yellow 6, Blue 1, Red 3, Bht For Freshness. Vitamins And Minerals: Reduced Iron, Niacinamide, Vitamin B6 (Pyridoxine Hydrochloride), Vitamin B2 (Riboflavin), Vitamin B1 (Thiamin Hydrochloride), Folic Acid, Vitamin D3, Vitamin B12.",38.5,385.0
3290041001471,Coeurs De Truffes Fantaisie,Guyaux,Unknown,united-states,Unknown,Unknown,Unknown,unknown,Unknown,Unknown,Unknown,37.5,625.0
59406327,fanta para 0.5,Unknown,Unknown,romania,Unknown,Unknown,Unknown,unknown,Unknown,Unknown,Unknown,Unknown,Unknown
0052302735401,Truffles Fantaisie,Cémoi,Unknown,united-states,Unknown,Unknown,Unknown,unknown,Unknown,Unknown,Unknown,40.0,633.0
5000112673845,Fruit Twist,Fanta,Unknown,united-kingdom,Unknown,Unknown,Unknown,unknown,Unknown,Unknown,Unknown,Unknown,Unknown
5942321004099,Fanta Lămâie Original,Coca Cola,"beverages-and-beverages-preparations, beverages, carbonated-drinks, sodas",romania,plastic,Unknown,Unknown,d,4.0,Unknown,"Apă, suc de lămâie din concentrat (6%), zahar, dioxid de carbon, acidifianti (acid malic, acid citric), îndulcitori (acesulfam-K, aspartam, neohesperidină DC), antioxidant (acid ascorbic), corector de aciditate (citrati de sodiu), conservant (sorbat de potasiu), stabilizatori (E 414, E 445), arome naturale de lămâie cu alte arome naturale, colorant (caroteni). Conţine o sursă de fenilalanină. Sedimente si schimbarea de culoare pot apărea în mod natural. Acestea nu vor afecta calitatea rand).",Unknown,Unknown
8901725005030,Hazelnu5 Creme Wafer Rolls,Dark Fantasy,Unknown,australia,Unknown,Unknown,Unknown,unknown,Unknown,Unknown,Unknown,52.8,488.0
5000112673975,Fruit Twist,Fanta,Unknown,united-kingdom,Unknown,Unknown,Unknown,unknown,Unknown,Unknown,Unknown,Unknown,Unknown
57122809,Unknown,Fanta,"beverages-and-beverages-preparations, beverages",united-states,Unknown,Unknown,Unknown,unknown,Unknown,Unknown,Unknown,Unknown,Unknown
9300624036463,Lemon,Fanta,Unknown,australia,Unknown,Unknown,Unknown,unknown,Unknown,Unknown,Unknown,0.0,1.08
9300675096775,Fanta zero sugar,Fanta,Unknown,australia,Unknown,Unknown,Unknown,unknown,Unknown,Unknown,Unknown,Unknown,1.09
5449000149015,Lemon,Fanta,Unknown,united-kingdom,Unknown,Unknown,Unknown,unknown,Unknown,Unknown,Unknown,Unknown,Unknown
8051084009894,Piselli Fantasia,Findus,"plant-based-foods-and-beverages, plant-based-foods, legumes-and-their-products, legumes, seeds, frozen-foods, legume-seeds, pulses, peas",italy,Unknown,Unknown,Unknown,unknown,Unknown,Unknown,Unknown,Unknown,Unknown
8003170104426,"Riso Rosso, Fantasia Di Verdura E Legumi",Piacersi Conad,"meals, microwave-meals",italy,Unknown,Unknown,Unknown,b,3.0,Unknown,"Riso rosso cotto 49% (riso rosso, acqua, sale), legumi cotti in proporzione variabile 27% (ceci, acqua, piselli, sale), carote 5%, mais 5%, olio extra vergine di oliva, semi di zucca, basilico, anacardi, succo di limone, sale.",Unknown,Unknown
5056784901151,Ultra Fantasy Ruby Red,Monster,"beverages-and-beverages-preparations, beverages, energy-drinks",united-kingdom,Unknown,Unknown,Unknown,unknown,4.0,Unknown,"CARBONATED WATER, ACID (CITRIC CID) FLAVOUR ENHANCER (ERYTHRITOL), TAURINE (4%), ACIDITY REGULATOR (SODIUM CITRATES), FLAVOURINGS, PANAX GINSENG ROOT EXTRACT (0.08%), PRESERVATIVES POTASSIUM SORBATE, SODIUM BENZOATE), CFEINE 0.03%), SWEETENER (SUCRALOSE), L-CARNITINE L-TARTRATE 0.015%), VITAMINS (B3, B5, B6, B12), STABILISER GLYCEROL ESTERS OF WOOD ROSINS), GUARANA SEED EXTRACT (0.002%), INOSITOL, COLOURS (E129, E110).",Unknown,Unknown
5449000333766,Fanta Zero Rapsberry,Fanta,Unknown,united-kingdom,Unknown,Unknown,Unknown,unknown,Unknown,Unknown,Unknown,Unknown,Unknown
54032354,Fanta -  450,Coca-Cola,"beverages-and-beverages-preparations, plant-based-foods-and-beverages, beverages, fruit-based-foods-and-beverages, non-alcoholic-beverages, plant-based-beverages, carbonated-drinks, fruit-based-beverages, juices-and-nectars, soft-drinks, sodas, fruit-juices, sweetened-beverages",italy,Unknown,Unknown,Unknown,unknown,4.0,Unknown,"Acqua, zucchero, succo d'arancia da concentrato (9%), succo di limone da concentrato (3%), anidride carbonica, stabilizzanti E 414, E 445, E 444, antiossidante acido ascorbico, aromi naturali di arancia con altri aromi naturali, acidificante acido citrico, colorante E 160a",Unknown,Unknown
5000112684520,fanta orange,Fanta,Unknown,united-kingdom,Unknown,Unknown,Unknown,unknown,Unknown,Unknown,"2670 FANTA 500mle NUTRITION Par Energy Sparkling Orange Frud Drink With Sugar And Carbohy Sweeteners. Ingres Carbonated War Sign of wh Gray Buce From Corate Citrus Fat From Salt Concrate 11 7 Acids Cnc Acid Malic Acd Fat Sabra Vagable Extract Car Sweeteners cesattame-Reference roses Natural Grange Flash with Other 400 Atural Plasturings Preservaag Potassum Sorbate tity Regulator Setum Cratest, Antioxidant storbic Jee Stand",Unknown,Unknown
5449000342263,Fanta Pear,Coca-Cola,Unknown,united-kingdom,Unknown,Unknown,Unknown,unknown,Unknown,Unknown,Carbonated Water Sugar Energy Pear Juice From Concentrate Acids Caric Acid Malic Acid Stabilisers Acacia Sam Rycaral Esters Of Wood Resin Acidity Regulator Gedim Race Aidant carbic Acid Peration Pam Sarbat Sweeters Clamatos Acesulfame Sacral Farings Calours EM Lati 5 449000 342263&quot;&gt; of which saturat Carbohydrate Protein Sa Reference intake of,Unknown,Unknown
0850059475171,Long Grain Rice,Fantastic Rice,Unknown,united-states,Unknown,Unknown,Unknown,unknown,Unknown,Unknown,Unknown,0.0,356.0
9300624036432,Lemon Fanta,Fanta,Unknown,australia,Unknown,Unknown,Unknown,unknown,4.0,Unknown,"Carbonated Water, Sugar, Lemon Juice from Concentrate (4.7%), Food Acids (330, 331), Flavour, Preservative (202), Stabiliser (452), Sweeteners (955, 950), Antioxidant (300), Colour (102).",Unknown,Unknown
2587184005642,CACIOTTA DI PECORA FANTASIA,LATTERIA SORRENTINA,Unknown,united-states,Unknown,Unknown,Unknown,unknown,Unknown,Unknown,Unknown,0.0,451.0
5000112665130,Fanta orange,Unknown,Fanta,united-states,Unknown,Unknown,Unknown,unknown,Unknown,Unknown,Unknown,Unknown,Unknown
0841905062164,Fantastik Vanilla Crème Water Rolls,Dark Fantasy,Unknown,united-states,Unknown,Unknown,Unknown,unknown,Unknown,Unknown,Unknown,48.0,520.0
5942321004037,Para nazdravana,Fanta,Unknown,romania,Unknown,Unknown,Unknown,unknown,Unknown,Unknown,Unknown,Unknown,Unknown
0841905061969,Dark Fantasy Fantastik Choco Crème Filled Wafer Rolls,Sunfeast,Unknown,united-states,Unknown,Unknown,Unknown,unknown,4.0,Unknown,"sugar, wheat flour, palm oil, skim milk, cocoa powder, corn starch, soy lecithin, palm kernel oil, artificial flavors, iodized salt, sodium bicarbonate",52.0,480.0
5942321003405,Fanta Lămâie Zero Zahăr,Coca Cola,"beverages-and-beverages-preparations, plant-based-foods-and-beverages, beverages, plant-based-beverages, carbonated-drinks, artificially-sweetened-beverages, unsweetened-beverages, carbonated-soft-drinks-without-fruit-juice, carbonated-soft-drinks-without-fruit-juice-with-sugar-and-artificial-sweeteners",romania,plastic,Unknown,Unknown,c,4.0,Unknown,"Apă, suc de lămâie din concentrat (3%), dioxid de carbon, acidifianţi: acid citric, acid malic, îndulcitori: ciclamati, acesulfam-K, sucraloză, glicozide steviolice din stevia, E 959, arome naturale de lămâie cu alte arome naturale, corector de aciditate: citrati de sodiu, conservant: sorbat de potasiu, stabilizatori: gumă de acacia, E 445, antioxidant: acid ascorbic, colorant: caroteni. Acest produs poate suferi modificări de culoare si pot apărea sedimente. Acestea sunt de origine naturală şi vă asigurăm că nu vor afecta calitatea produsului. A se consuma de preferință înainte de: vezi pe ambalaj (primul rând).",Unknown,Unknown
7410010903278,fanta vidrio 1.25,cocacola,Unknown,united-states,Unknown,Unknown,Unknown,unknown,Unknown,Unknown,Unknown,Unknown,Unknown
5281013000668,Cheese Balls,Fantasia,Unknown,australia,Unknown,Unknown,Unknown,unknown,4.0,Unknown,"جرش الذرة، زيت نباتي (النخيا ) كهة الجبنة الطبيعية والإصطناعية ) مسحوق مصله مالتودکسترین ملح معزز للنكهة (إي 621 إي 627 إي (63) عامل مانع للتكتل (إي 341(iii) وإي 551) ه ونات طبيعية (إي) 100 و إي 160 سي)). خال من منتجات الكحول و الخنزير ومشتقاتهما. يحفظ في مكان بارد وجاف بعيدا عن أشعة الشمس. يحتوي على مشتقات الحليب قد يحتوي على آثار الفستق Ingredients: Corn Grits, Vegetable Oil (Palm), Natural & Artificial Cheese Flavor (Whey Powder, Maltodextrin, Salt, Taste Enhancers (E621, E627 & E631), Anti-caking Agents (E341 (iii) & E551), Natural Coloring Agents (E100, E160c)). Free from alcoholic & pork products and their derivatives. Store in a cool dry place, away from sunlight May Contain traces of Peanuts Contains Milk Derivatives HM Please ca",Unknown,Unknown
5449000337610,Fanta 500mL,Unknown,Unknown,italy,Unknown,Unknown,Unknown,unknown,Unknown,Unknown,Unknown,Unknown,Unknown
8901725013387,Chocolate Meltz,Dark Fantasy,Unknown,australia,Unknown,Unknown,Unknown,unknown,Unknown,Unknown,Unknown,39.2,536.0
0049000560725,chucky's punch,Fanta,Unknown,united-states,Unknown,Unknown,Unknown,unknown,4.0,Unknown,"CARBONATED WATER, HIGH FRUCTOSE CORN SYRUP, CITRIC ACID, NATURAL FLAVORS, CARAMEL COLOR, SODIUM BENZOATE, SODIUM CITRATE, RED 40",0.0,26000.0
9300624036425,Lemon,Fanta,Unknown,australia,Unknown,Unknown,Unknown,unknown,Unknown,Unknown,Unknown,7.7,32.0
5940597033621,fanta,Unknown,Unknown,romania,Unknown,Unknown,Unknown,unknown,Unknown,Unknown,Unknown,Unknown,Unknown
8901725132903,Dark Fantasy Choco Fills Luxuria,Sunfeast,Unknown,united-kingdom,Unknown,Unknown,Unknown,unknown,Unknown,Unknown,Unknown,Unknown,Unknown
2587184005949,Caciotta di Pecora Fantasia,Latteria Sorrentina,Unknown,united-states,Unknown,Unknown,Unknown,unknown,Unknown,Unknown,Unknown,Unknown,Unknown
5000112684537,Orange,Fanta,Unknown,united-kingdom,Unknown,Unknown,Unknown,unknown,Unknown,Unknown,Unknown,Unknown,Unknown
5449000329523,fanta limonata sz.zuccheri,Unknown,Unknown,italy,Unknown,Unknown,Unknown,unknown,Unknown,Unknown,Unknown,Unknown,Unknown
8009417082489,PANE AI CEREALI,PANE & Fantasia,Unknown,united-states,Unknown,Unknown,Unknown,unknown,Unknown,Unknown,Unknown,Unknown,Unknown
0049000560749,Fanta Chucky's punch,Fanta,Unknown,united-states,Unknown,Unknown,Unknown,unknown,Unknown,Unknown,Unknown,11.8,45.1
0841905060290,Dark Fantasy (Choco-Style Nut Fills),Sunfeast,Unknown,australia,Unknown,Unknown,Unknown,unknown,Unknown,Unknown,Unknown,35.2,536.0
5056784900901,L-CARNITINE MONSTER ENERGY ULTRA FANTASY RUBY RED,Monster Energy,"beverages-and-beverages-preparations, beverages, energy-drinks",united-kingdom,Unknown,Unknown,Unknown,b,Unknown,Unknown,Unknown,Unknown,Unknown
5000112684780,Fanta fruit twist,Fanta,"beverages-and-beverages-preparations, plant-based-foods-and-beverages, beverages, plant-based-beverages, carbonated-drinks, fruit-based-beverages, artificially-sweetened-beverages, sodas, fruit-sodas, sweetened-beverages",united-kingdom,Unknown,Unknown,Unknown,d,4.0,Unknown,"2Le Sparkling Mixed Fruit Drink With Sugar And Sweeteners agredients: Carbonated Water. Fruit Juises From Concentrate 4.4% Orange 3.4%, Peach 85% Apple 0.4% Passion Fruit 0.1%). Sugar Vegetable And Plant Concentrates (Carrot, Safflower). Acids (Citric Acid, Malic Acid). Sweeteners (Acesulfame K. Aspartame). Preservative (Potassium Sorbate). Natural Flavouring. Stabilisers (Glycerol Esters Of Wood Rosins. Guar Gum). Contains a Source of Phenylalanine.",Unknown,Unknown
5000112684544,Fanta orange2l,Fanta,Unknown,united-kingdom,Unknown,Unknown,Unknown,unknown,Unknown,Unknown,Unknown,Unknown,Unknown
5449000343734,Forest Berries Flavour Drink Zero Sugar,Fanta,Unknown,united-kingdom,Unknown,Unknown,Unknown,unknown,Unknown,Unknown,Unknown,Unknown,Unknown
9300675090902,Fanta Orange Zero Sugar,Fanta,Unknown,australia,Unknown,Unknown,Unknown,unknown,4.0,Unknown,"Carbonated Water, Food Acids (330, 331), Flavour, Sweeteners (952, 950, 955), Preservative (212), Colours (110, 129).",Unknown,Unknown
8435201704266,Fantasy Brownies,Brompton House,"snacks, sweet-snacks, biscuits-and-cakes, cakes, chocolate-cakes, brownies",united-kingdom,Unknown,Unknown,Unknown,d,4.0,Unknown,"Sugar, Vegetable Oil Sunflower), Agents Wax, Bee Glazing (Sodium Propionate), Emulsifiers (Polyglycerol Esters of Fatty Acids, Polyoxyethylene Sorbitan Mono-Oleate), Raising Agents Regulator (Citric Acid), Water, Humbellac), Sqit, Colours (Camminic Acid, Mixed Carotenes,Curcumin, Brilliant Blue F Diphosphates, Sodium Carbonates), Acid (Citric Acid), Thickener (Guar Gum).",Unknown,Unknown
8011515939497,Fantasia cereali e legumi,Colfiorito,"plant-based-foods-and-beverages, plant-based-foods, legumes-and-their-products, legumes, meals, seeds, legume-seeds, pulses, soups, soup-mixes",italy,Unknown,Unknown,Unknown,a,3.0,Unknown,"INGRED ENTI: cereali precotti (55%): or perlato, farro (grano) perlato, grano duro; legumi (45%): lenticchie rosse decorticate, lenticchie gialle decorticate. Può contenere soia, lupino e senape. SENZA Va En Gra di c acid",Unknown,Unknown
5940541535195,fanta exotic,coca cola,Unknown,romania,Unknown,Unknown,Unknown,unknown,Unknown,Unknown,Unknown,Unknown,Unknown
5940541535188,fanta strawb kiwi,coca cola,Unknown,romania,Unknown,Unknown,Unknown,unknown,Unknown,Unknown,Unknown,Unknown,Unknown
7894900095203,Fanta sabor chucky punch,Fanta,Unknown,united-states,Unknown,Unknown,Unknown,unknown,Unknown,Unknown,Unknown,Unknown,Unknown
57112961,Fanta zero sugar lemon,Fanta,Unknown,united-states,Unknown,Unknown,Unknown,unknown,Unknown,Unknown,Unknown,Unknown,Unknown
5449000341846,Fanta Forest Berries Flavour,Fanta,"beverages-and-beverages-preparations, beverages, carbonated-drinks, artificially-sweetened-beverages, sodas",united-kingdom,Unknown,Unknown,Unknown,c,4.0,Unknown,"Carbonated Water, Lemon Juice From Concentrate (3%), Acids (Malic Acid, Citric Acid). Fruit And Vegetable Concentrates (Carrot, Blackcurrant). Colour (E 150d). Sweeteners (Cyclamates. Acesulfame K. Sucralose). Natural Flavouring. Preservative (Potassium Sorbate). Acidity Regulator (Sodium Citrates).",Unknown,Unknown
5000112687972,31.01 26 2365C507 FANTA BLAC fruit twist,Unknown,Unknown,united-kingdom,Unknown,Unknown,Unknown,unknown,Unknown,Unknown,"Carbonated Water Fruit Jes From Concentrate 44% (Orange 34 Peach 0.5% Apple 0.4% Passion Fruit 0.1 Sugar.&quot; Reference intake Vegetable And Plant Concentrates (Carrot, Safflower (8400kJ/",Unknown,Unknown
5449000341631,FANTA chucky forest berries flavour zero sugar** C,Unknown,Unknown,united-kingdom,Unknown,Unknown,Unknown,unknown,Unknown,Unknown,FANTA 500mle w Calorie Forest Berrie for (Sodium Citrate Coca-Cola co 0800 227711 2025 The Coca-Cola Long,Unknown,Unknown
0842798109936,Fantasy Sour Belts,Freedoms Choice,Unknown,united-states,Unknown,Unknown,Unknown,unknown,Unknown,Unknown,Unknown,54.5,333.0
8600939346686,Milk Chocolate with Orange and Biscuit,Jimmy Fantastic,Unknown,united-states,Unknown,Unknown,Unknown,unknown,Unknown,Unknown,Unknown,Unknown,Unknown
0615402904247,FANTA 35CL,Unknown,"beverages-and-beverages-preparations, beverages, sweetened-beverages",italy,Unknown,Unknown,Unknown,unknown,Unknown,Unknown,Unknown,Unknown,Unknown
9300675097451,Chucky’s Punch,Fanta,Unknown,australia,Unknown,Unknown,Unknown,unknown,Unknown,Unknown,Unknown,7.6,32.0
9310155781305,Noodles Oriental Flavour,Fantastic,Unknown,united-states,Unknown,Unknown,Unknown,unknown,4.0,Unknown,"Wheat flour, vegetable oil (antioxidant (319)), modified starch (420), salt, mineral salts (501, 500, 451), vegetable gum (412), salt, maltodextrin, flavour enhancers (621, 627, 631), sugar, flavour (soy, sesame), herbs and spices, soy sauce powder (soy, wheat), colour (150c), antioxidant (307b), dehydrated vegetables",0.206,Unknown
0067000013751,Fanta,Unknown,Unknown,united-states,Unknown,Unknown,Unknown,unknown,Unknown,Unknown,Unknown,Unknown,Unknown
0860009657038,Body Magic,Her Fantasy Box,Unknown,united-states,Unknown,Unknown,Unknown,unknown,Unknown,Unknown,Unknown,Unknown,Unknown
8002267024586,Fantasma Dolfin,Dolfin,Unknown,italy,Unknown,Unknown,Unknown,unknown,Unknown,Unknown,Unknown,Unknown,Unknown
5000112684766,Fruit Twist,Fanta,Unknown,united-kingdom,Unknown,Unknown,Unknown,unknown,Unknown,Unknown,Unknown,Unknown,Unknown
9310155010801,Delites Sour Cream & Chives Flavour,Fantastic,Unknown,united-states,Unknown,Unknown,Unknown,unknown,Unknown,Unknown,Unknown,Unknown,Unknown
9310155012324,Pink Salt And Vinegar Rice Crackers,Fantastic,Unknown,australia,Unknown,Unknown,Unknown,unknown,Unknown,Unknown,Unknown,0.3,106.0
8003170035584,Contorno Fantasia,Conad,Unknown,italy,Unknown,Unknown,Unknown,unknown,Unknown,Unknown,Unknown,Unknown,Unknown
59406556,Fanta Lamaie,Fanta,Unknown,romania,Unknown,Unknown,Unknown,unknown,Unknown,Unknown,Unknown,Unknown,48.0
9310155010788,Delites Rice Snacks Flame Grilled Barbecue flavour,Fantastic,Unknown,united-states,Unknown,Unknown,Unknown,unknown,Unknown,Unknown,Unknown,Unknown,Unknown
5940805088092,Peach And Jasmine,Fanta,Unknown,romania,Unknown,Unknown,Unknown,unknown,Unknown,Unknown,Unknown,4.6,19.0
5449000257000,FANTA - ORANGE,FANTA,"beverages-and-beverages-preparations, plant-based-foods-and-beverages, beverages, plant-based-beverages, carbonated-drinks, fruit-based-beverages, sodas, fruit-sodas, orange-soft-drinks",united-states,Unknown,Unknown,Unknown,unknown,Unknown,Unknown,Unknown,Unknown,Unknown
9309001680190,Fairy Floss,Fantasy,Unknown,australia,Unknown,Unknown,Unknown,unknown,Unknown,Unknown,Unknown,99.9,406.0
5000112687651,FANTA chucky forest berries flavour' zero sugar**,Unknown,Unknown,united-kingdom,Unknown,Unknown,Unknown,unknown,Unknown,Unknown,Unknown,Unknown,Unknown
0089087158026,Lightly Salted Plantain Chips,Tropical Fantasy,Unknown,united-states,Unknown,Unknown,Unknown,unknown,Unknown,Unknown,Unknown,0.0,500.0
5942321004129,Fanta doza lamaie,Unknown,Unknown,romania,Unknown,Unknown,Unknown,unknown,Unknown,Unknown,Unknown,Unknown,Unknown
5940733173051,fanta căpșuni 355 ml,Unknown,Unknown,romania,Unknown,Unknown,Unknown,unknown,Unknown,Unknown,Unknown,Unknown,Unknown
5940733173020,fanta zmeura 355,Unknown,Unknown,romania,Unknown,Unknown,Unknown,unknown,Unknown,Unknown,Unknown,Unknown,Unknown
5940733173044,fanta piersica 355ml,Unknown,Unknown,romania,Unknown,Unknown,Unknown,unknown,Unknown,Unknown,Unknown,Unknown,Unknown
5281013101730,Cocktail Original Flavored,Fantasia,Unknown,italy,Unknown,Unknown,Unknown,unknown,Unknown,Unknown,Unknown,Unknown,Unknown
9300624036418,Fanta Lemon,Fanta,Unknown,australia,Unknown,Unknown,Unknown,unknown,Unknown,Unknown,"810 R TA FANTA Soft Drink contains: Carbonated Water, Sugar, Lemon Juice from NUTRITION INFOR Servings per pada Average Quantity krim Energy Protein Concentrate (4.7%), Food Acids (330, 331), Flavour, Fat, total Preservative (202), Stabiliser (452), Sweeteners local ingredients. Made in Australia from imported and (955,950), Antioxidant (300), Colour (102). - saturated Carbohydrate - sugars Dietary Fibre Sodium Store in a cool place. For best before date see neck of bottle. Prepared and bottled Australia Pty Ltd Australia, under au Owner of the trade ma coca-colacompa 32024 The Coca-Cola C",Unknown,Unknown
0049000544176,fanta 18 cans,Unknown,Unknown,united-states,Unknown,Unknown,Unknown,unknown,Unknown,Unknown,Unknown,Unknown,Unknown
0049000557053,fanta pineapple mini,coca cola,Unknown,united-states,Unknown,Unknown,Unknown,unknown,Unknown,Unknown,Unknown,Unknown,Unknown
9356330262580,Fanta portocale 500 ml,Unknown,Unknown,romania,Unknown,Unknown,Unknown,unknown,Unknown,Unknown,Unknown,Unknown,Unknown
5942321002774,Fanta 0.33lx4ST,Unknown,Unknown,romania,Unknown,Unknown,Unknown,unknown,Unknown,Unknown,Unknown,Unknown,Unknown
5449000322142,orange,Fanta,Unknown,united-states,Unknown,Unknown,Unknown,unknown,Unknown,Unknown,Unknown,Unknown,Unknown
0011110661555,Salmon Fantasy,Private Selection by Snowfox,Unknown,united-states,Unknown,Unknown,Unknown,unknown,Unknown,Unknown,Unknown,Unknown,Unknown
5000112687965,Fanta lemon,Fanta,Unknown,united-kingdom,Unknown,Unknown,Unknown,unknown,Unknown,Unknown,Unknown,Unknown,Unknown
5000112669060,Fanta orange low calorie,Fanta,Unknown,united-states,Unknown,Unknown,Unknown,unknown,Unknown,Unknown,Unknown,Unknown,Unknown
4262547810054,Fanta - Watermelon [CHN],Fanta,Unknown,united-states,Unknown,Unknown,Unknown,unknown,Unknown,Unknown,Unknown,Unknown,Unknown
9300601866434,Fantasy Finger Bun,Coles,Unknown,australia,Unknown,Unknown,Unknown,unknown,Unknown,Unknown,Unknown,18.2,308.0
6928804025224,Pineapple Fanta,Japanese,Unknown,united-states,Unknown,Unknown,Unknown,unknown,Unknown,Unknown,Unknown,Unknown,19.7
4902102159111,Fanta Fruits Golden apple,Fanta,Unknown,united-states,Unknown,Unknown,Unknown,unknown,Unknown,Unknown,Unknown,12.0,48.0
24459181,Fantasy Vibe Sparkling Mandarin Marshmallow Edition,CELSIUS,Unknown,united-states,Unknown,Unknown,Unknown,unknown,Unknown,Unknown,Unknown,Unknown,Unknown
9300675096744,Fanta lemon,Fanta,Unknown,united-states,Unknown,Unknown,Unknown,unknown,Unknown,Unknown,Unknown,Unknown,Unknown
0857983004279,Fantasy Mix,Hi Chew,Unknown,united-states,Unknown,Unknown,Unknown,unknown,Unknown,Unknown,Unknown,61.8,418.0
5000112685404,Fanta Lemon,Fanta,Unknown,united-kingdom,Unknown,Unknown,Unknown,unknown,4.0,Unknown,"carbonated water, lemon juice from concentrate (5%). sugar, acidity regulator (sodium gluconate). acids (citric acid, malic acid). sweeteners (acesulfame k. aspartame). preservative (potassium sorbate). stabilisers (acacia gum, glycerol esters of wood rosins). antioxidant (ascorbic acid). natural lemon flavouring with other natural *reference intake d flavourings. contains a source of (84.00 kv 2000 phenylalanine. carbohydrate: l of which sugars protein: salt: lo dact hefort see the bl",Unknown,Unknown
7941421004136,Fanta lamaie,Unknown,Unknown,romania,Unknown,Unknown,Unknown,unknown,Unknown,Unknown,Unknown,Unknown,Unknown
4902102158497,Melon soda,Fanta,"beverages-and-beverages-preparations, beverages, carbonated-drinks, sodas",italy,Unknown,Unknown,Unknown,unknown,Unknown,Unknown,Unknown,Unknown,Unknown
0004504311433,Fanta,Coca Cola,"beverages-and-beverages-preparations, beverages, carbonated-drinks, sodas, colas",united-states,Unknown,Unknown,Unknown,unknown,Unknown,Unknown,Unknown,Unknown,Unknown
5949087501435,Lafantana plata,Unknown,Unknown,romania,Unknown,Unknown,Unknown,unknown,Unknown,Unknown,Unknown,Unknown,Unknown
5949087501466,Lafantana minerala,Unknown,Unknown,romania,Unknown,Unknown,Unknown,unknown,Unknown,Unknown,Unknown,Unknown,Unknown
0944444322239,fanta naranja,cocacola,Unknown,united-states,Unknown,Unknown,Unknown,unknown,Unknown,Unknown,Unknown,Unknown,Unknown
5000112685411,lemon,Fanta,Unknown,united-kingdom,Unknown,Unknown,Unknown,unknown,4.0,Unknown,"carbonated water, lemon juice from concentrate (5%), sugar, acidity regulator (sodium gluconate), acids (citric acid, malic acid), sweeteners (acesulfame k, aspartame), preservative (potassium sorbate), stabilisers (acacia gum, glycerol esters of wood rosins), antioxidant (ascorbic acid), natural lemon flavouring with other natural flavourings",Unknown,Unknown
5301000418204,Orange,Fanta,"chips-and-fries, fries, microwave-fries",united-states,Unknown,Unknown,Unknown,unknown,4.0,Unknown,"FANTA Fix Fiberhe 330 ml, përbërës: ujë, shpërlarës portokalli nga koncentrati (3%), karboksil, acidifikues: acid citrik, konservues: sorbat, aromatizues natyral portokalli me aromatizues të tjerë, antioksidues: acid askorbik, stabilizues E 412, ngjyrues: karamele.",Unknown,Unknown
5714319001867,Chinese fanta,Fanta,Unknown,united-states,Unknown,Unknown,Unknown,unknown,Unknown,Unknown,Unknown,Unknown,Unknown
9300675052504,Fanta Orange,Fanta,Unknown,united-states,Unknown,Unknown,Unknown,unknown,Unknown,Unknown,Unknown,Unknown,Unknown
5056784911464,Monster Energy Ultra Fantasy Ruby Red,Monster,Unknown,united-states,Unknown,Unknown,Unknown,unknown,Unknown,Unknown,Unknown,Unknown,Unknown
5000112694222,Fanta crimson cherry,Unknown,Unknown,united-states,Unknown,Unknown,Unknown,unknown,Unknown,Unknown,Unknown,Unknown,Unknown
8721249749032,Fanta exotic,Fanta,Unknown,united-states,Unknown,Unknown,Unknown,unknown,Unknown,Unknown,Unknown,Unknown,Unknown
5942321004563,Fanta Crimson Cherry,Coca Cola,"beverages-and-beverages-preparations, beverages, artificially-sweetened-beverages",romania,plastic,Unknown,Unknown,c,4.0,Unknown,"Bautura racoritoare carbogazoasă cu gust de mere şi cirese, cu zahar si indulcitori. Ingrediente: apă, zahăr, suc de lamaie din concentrat (1%), dioxid de carbon, acidifianți (acid malic, acid citric), concentrate din fructe si legume (morcovi, coacăze negre), colorant (E 150d), arome naturale, indulcitori (ciclamați, acesulfam-K, sucraloză), conservant (sorbat de potasiu), corector de aciditate (citrați de sodiu). Acest produs poate suferi modificări de culoare şi pot apărea sedimente. Acestea sunt de origine naturală si vă asigurăm că nu vor afecta calitatea produsului. A se consuma de preferintă înainte de: vezi pe ambalaj (primul rând]. A se pastra la loc răcoros, ferit de soare. Ambalaj de unică folosinţă. 2026 The Coca-Cola Company",Unknown,Unknown
0860009791404,Fantastic Falafel,Just Us Foods,Unknown,united-states,Unknown,Unknown,Unknown,unknown,Unknown,Unknown,Unknown,Unknown,Unknown
51228002,Fanta crimson cherry,Fanta,Unknown,united-states,Unknown,Unknown,Unknown,unknown,Unknown,Unknown,Unknown,Unknown,Unknown
5000112694116,Fanta strawberry kiwi taste,Fanta,Unknown,united-states,Unknown,Unknown,Unknown,unknown,Unknown,Unknown,Unknown,Unknown,Unknown
5942321004754,Crimson Cherry,Fanta,Unknown,romania,Unknown,Unknown,Unknown,unknown,Unknown,Unknown,Unknown,Unknown,Unknown
5449000348494,Fanta Mango Flavour,Fanta,"beverages-and-beverages-preparations, plant-based-foods-and-beverages, beverages, plant-based-beverages, carbonated-drinks, fruit-based-beverages, sodas, fruit-sodas, sodas-with-exotic-fruits",united-kingdom,Unknown,Unknown,Unknown,d,4.0,Unknown,"Carbonated Water, Sugar, Orange Juice From Concentrate (3%). Citrus Extract, Acids (Citric Acid. Malic Acid). Sweeteners Cyclamates. Acesulfame K. Sucralose). Preservative (Potassium Sorbate). Natural Mango Flavouring With Other Natural Flavourings. Antioxidant (Ascorbic Acid). Acidity Regulator (Sodium Citrates). Stabilisers (Guar Gum, Acacia Gum, Glycerol Ester Of",Unknown,Unknown
0841905060030,Choco-Style Fills,Sunfeast Dark Fantasy,Unknown,united-states,Unknown,Unknown,Unknown,unknown,Unknown,Unknown,Unknown,Unknown,Unknown
8003535095819,Fantasy,Witor's,"snacks, sweet-snacks, cocoa-and-its-products, chocolates, milk-chocolates, filled-chocolates, filled-milk-chocolates, it:Ovetti-cioccolato",italy,Unknown,Unknown,Unknown,e,4.0,Unknown,"Zucchero, grasso vegetale,, pasta di cacao, latte intero in polvere, burro di cacao, siero di latte in polvere, cereali croccanti, farina di mais farina di riso, zucchero, farina di frumento, cacao in polvere, siero di latte in polvere, sale, lattosio, cacao magro in polvere, nocciole, emozionante lecitina di soia, aromi",Unknown,Unknown
5449000345042,Grape Soda,Fanta,Unknown,united-kingdom,Unknown,Unknown,Unknown,unknown,Unknown,Unknown,Unknown,Unknown,Unknown
8901725101442,Dark Fantasy Big Choco Meltz,Sunfeast,Unknown,united-kingdom,Unknown,Unknown,Unknown,unknown,Unknown,Unknown,Unknown,Unknown,Unknown
3948725132934,Dark Fantasy,Unknown,Unknown,united-kingdom,Unknown,Unknown,Unknown,unknown,Unknown,Unknown,Unknown,Unknown,Unknown
5425032433261,DARK RASPBERRY FANTASY,SWEET SWITCH,Unknown,united-states,Unknown,Unknown,Unknown,unknown,Unknown,Unknown,Unknown,Unknown,Unknown
8710651027562,Koek met 20% cacaofantasie en 10% gekleurd strooisel,Van Dijk Banket B.V.,Unknown,united-states,Unknown,Unknown,Unknown,unknown,Unknown,Unknown,Unknown,Unknown,Unknown
5056784914014,ULTRA FANTASY RUBY RED,MONSTER ENERGY,Unknown,united-states,Unknown,Unknown,Unknown,unknown,Unknown,Unknown,Unknown,Unknown,Unknown
5449000348487,Fanta mango,Unknown,Unknown,united-kingdom,Unknown,Unknown,Unknown,unknown,Unknown,Unknown,Unknown,Unknown,Unknown
8534764666636,Orange fanta mini,Unknown,Unknown,united-states,Unknown,Unknown,Unknown,unknown,Unknown,Unknown,Unknown,Unknown,Unknown
8055118486774,Orzotto Zucchine e Basilico,Fantasie dell'Orto,Unknown,united-states,Unknown,Unknown,Unknown,unknown,Unknown,Unknown,Unknown,Unknown,Unknown
8997788995678,Ocean fantasyshrimp,Unknown,Unknown,italy,Unknown,Unknown,Unknown,unknown,Unknown,Unknown,Unknown,Unknown,Unknown
8997788995661,Ocean fantasy blue,Unknown,Unknown,italy,Unknown,Unknown,Unknown,unknown,Unknown,Unknown,Unknown,Unknown,Unknown
0049000561883,crimson sour cherry flavored soda,Fanta,"beverages-and-beverages-preparations, beverages, carbonated-drinks, sodas",united-states,Unknown,Unknown,Unknown,d,4.0,Unknown,"0% CARBONATED WATER, HIGH FRUCTOSE CORN SYRUP, Value LESS THAN 2% OF: CITRIC ACID, NATURAL FLAVORS, CARAMEL COLOR, SODIUM BENZOATE AND POTASSIUM SORBATE (TO PROTECT TASTE), RED 40.",Unknown,Unknown
8009242420135,Zuppa Fantasia,La Valletta,Unknown,italy,Unknown,Unknown,Unknown,unknown,Unknown,Unknown,Unknown,Unknown,Unknown
0850070015264,Fantasy Mix,Hi-Chew,Unknown,united-states,Unknown,Unknown,Unknown,unknown,Unknown,Unknown,Unknown,Unknown,Unknown
0850017589810,Hi-Chew Fantasy Mix,Hi-Chew,Unknown,united-states,Unknown,Unknown,Unknown,unknown,Unknown,Unknown,Unknown,Unknown,Unknown
4897148040021,Hami Melon Flavoured,Chinese Fanta,Unknown,united-kingdom,Unknown,Unknown,Unknown,unknown,Unknown,Unknown,Unknown,Unknown,Unknown
5018357805587,Fantastically Fruity,Dorset Muesli,"plant-based-foods-and-beverages, plant-based-foods, breakfasts, cereals-and-potatoes, cereals-and-their-products, breakfast-cereals, mueslis",united-kingdom,Unknown,Unknown,Unknown,d,3.0,Unknown,"Wholegrain OAT Flakes, Dried Fruit (30%) (Sweetened Dried Papaya (6%) (Papaya, Sugar Syrup, Acidity Regulator (Citric Acid), Preservative (SULPHUR DIOXIDE)), Sultanas (6%), Raisins, Chopped Dates, Sweetened Dried Pineapple (4%) (Pineapple, Sugar, Acidity Regulator (Citric Acid), Preservative (SULPHUR DIOXIDE)), Toasted Coconut Chips), Wholegrain Toasted WHEAT Flakes (28%).",Unknown,Unknown
5449000097071,Fanta Cherry,Fanta,Unknown,united-kingdom,Unknown,Unknown,Unknown,unknown,Unknown,Unknown,Unknown,Unknown,Unknown
5449000348470,Mango,Fanta,Unknown,united-kingdom,Unknown,Unknown,Unknown,unknown,Unknown,Unknown,Unknown,Unknown,Unknown
5000112669268,Fanta zero sugar orange,Fanta,Unknown,united-states,Unknown,Unknown,Unknown,unknown,Unknown,Unknown,Unknown,Unknown,Unknown
5940805088016,Fanta,Unknown,Unknown,romania,Unknown,Unknown,Unknown,unknown,Unknown,Unknown,Unknown,Unknown,Unknown
7730985970113,Pan Cero,Fantástico,Unknown,united-states,Unknown,Unknown,Unknown,unknown,Unknown,Unknown,Unknown,Unknown,Unknown
5942321004921,fanta 1l,Unknown,Unknown,romania,Unknown,Unknown,Unknown,unknown,Unknown,Unknown,Unknown,Unknown,Unknown
8023720002187,Fanta 1L,Unknown,Unknown,romania,Unknown,Unknown,Unknown,unknown,Unknown,Unknown,Unknown,Unknown,Unknown
8721008011011,Fanta orange,Fanta,Unknown,united-states,Unknown,Unknown,Unknown,unknown,Unknown,Unknown,Unknown,Unknown,Unknown
5449000345035,Fanta Grape,Fanata (UK),Unknown,united-kingdom,Unknown,Unknown,Unknown,unknown,Unknown,Unknown,Unknown,Unknown,Unknown
5942321004143,fanta,Unknown,Unknown,romania,Unknown,Unknown,Unknown,unknown,Unknown,Unknown,Unknown,Unknown,Unknown
9310155650175,2 Minute Noodles Beef Flavour,Fantastic,Unknown,united-states,Unknown,Unknown,Unknown,unknown,Unknown,Unknown,Unknown,Unknown,Unknown
5000112678963,Fanta zero cukru,Unknown,Unknown,united-states,Unknown,Unknown,Unknown,unknown,Unknown,Unknown,Unknown,Unknown,Unknown
57123219,Hyldeblomst zero sugar,FANTA,Unknown,united-states,Unknown,Unknown,Unknown,unknown,Unknown,Unknown,Unknown,Unknown,Unknown
0070847898801,Monster Energy Ultra Fantasy Ruby Red,Monster Energy,Unknown,united-states,Unknown,Unknown,Unknown,unknown,Unknown,Unknown,"Cmation: Not recommended for these under 14 years old, pregnant or breastfeading Attention: Déconseillé aux individus de moins de 14 ans, aux femmes enceintes e T Store between 15-30°C/A conserver entre 15 et 30 °C. Canned under the enthe Unit 13/14, Mississauga, ON LET 1V8, Canada. 2024 Monster Energy Company 329724 1024 N ani de luigin cot artiste se souviennent peut-etre de l'a vu poindre on direct lors d'événements Mo qui prenaient place an ville UP To design. Les vrais adaira Nous avons ses planches de surf pointes do suspens dues dans tout le siège social. Vous av maintenant votre propre chef d'ouvre signé P Unleash the Mesa Bearr 70847 89880 50929A2BD* Ball PAR CAR",Unknown,Unknown
5000112693195,Fanta crimson cherry apple cherry taste,Fanta,Unknown,united-states,Unknown,Unknown,Unknown,unknown,Unknown,Unknown,Unknown,Unknown,Unknown
59410560,fanta doza,Unknown,Unknown,romania,Unknown,Unknown,Unknown,unknown,Unknown,Unknown,Unknown,Unknown,Unknown
0067000014437,Fanta Crimson Sour Cherry,Fanta,Unknown,united-states,Unknown,Unknown,Unknown,unknown,Unknown,Unknown,Unknown,Unknown,Unknown
9300675099929,Fanta Orange Mini Soft Drink Bottles 300mL x 12 pack,Fanta,Unknown,australia,Unknown,Unknown,Unknown,unknown,Unknown,Unknown,Unknown,Unknown,Unknown
9300675096782,Fanta Zero Flavours Lemon Cans 6x250ml 1.5L,Fanta,Unknown,australia,Unknown,Unknown,Unknown,unknown,4.0,Unknown,"Carbonated Water, Food Acids (330, 331, 296), Flavour, Sweeteners (952, 955, 950, 960), Preservative (202), Colour (102).",Unknown,Unknown
9300675096751,Fanta Flavours Lemon Cans 6x250ml 1.5L,Fanta,Unknown,australia,Unknown,Unknown,Unknown,unknown,4.0,Unknown,"Carbonated Water, Sugar, Lemon Juice from Concentrate (4.7%), Food Acids (330, 331), Flavour, Preservative (202), Stabiliser (452), Sweeteners (955, 950), Antioxidant (300), Colour (102).",Unknown,Unknown
9300675090896,Fanta Orange Soft Drink Multipack Mini Cans 250ml 6 Pack,Fanta,Unknown,australia,Unknown,Unknown,Unknown,unknown,Unknown,Unknown,Unknown,Unknown,Unknown
0049000550412,Country Club,Fanta,"beverages-and-beverages-preparations, plant-based-foods-and-beverages, beverages, plant-based-beverages, carbonated-drinks, fruit-based-beverages, sodas, fruit-sodas, carbonated-fruit-soft-drink, orange-soft-drinks",united-states,Unknown,Unknown,Unknown,e,4.0,Unknown,"AGUA CARBONATADA, AZUCAR, REGULADORES DE ACIDEZ (A000 CITRICO, ACIDO ASCORBICO, CITRATO DE SODIO), SABORIZANTES NATURALES P SECUESTRANTES (HEXAMETAFOSFATO DE SODIO Y EDTA), PRESERVANTES (BENZOATO DE SODIO), COLORANTES (AMARILLO #6 Y #5, ROJO :40 EDULCORANTE (SUCRALOSA Y ACESAULFAME K). CONTIENE TARTRAZINA",Unknown,Unknown
54026957,Fanta Orange,Fanta,Unknown,united-states,Unknown,Unknown,Unknown,unknown,Unknown,Unknown,Unknown,Unknown,Unknown
5940780080104,"fanta 0,5",Unknown,Unknown,romania,Unknown,Unknown,Unknown,unknown,Unknown,Unknown,Unknown,Unknown,Unknown
0032700006044,"Fanta 0,5",Unknown,Unknown,romania,Unknown,Unknown,Unknown,unknown,Unknown,Unknown,Unknown,Unknown,Unknown
5000112693645,fanta,Unknown,Unknown,united-kingdom,Unknown,Unknown,Unknown,unknown,Unknown,Unknown,Unknown,Unknown,Unknown
5449000336743,Fanta limonata lattina 6×33,Unknown,Unknown,italy,Unknown,Unknown,Unknown,unknown,Unknown,Unknown,Unknown,Unknown,Unknown
4515996903434,Tea Fantasy Chai,Kaldi,Unknown,united-states,Unknown,Unknown,Unknown,unknown,Unknown,Unknown,Unknown,Unknown,Unknown
0067000013874,Fanta orange,Fanta,Unknown,united-states,Unknown,Unknown,Unknown,unknown,Unknown,Unknown,Unknown,Unknown,Unknown
8901725119331,Bourbon,Dark Fantasy,Unknown,united-kingdom,Unknown,Unknown,Unknown,unknown,Unknown,Unknown,Unknown,Unknown,Unknown
5449000081674,Mango Flavoured Fanta,Fanta,Unknown,united-kingdom,Unknown,Unknown,Unknown,unknown,Unknown,Unknown,Unknown,Unknown,Unknown
5000112686616,Fanta zero açúcares adicionados,Fanta,Unknown,united-states,Unknown,Unknown,Unknown,unknown,Unknown,Unknown,Unknown,Unknown,Unknown
5056784912096,monster ultra fantasy ruby red,Unknown,Unknown,united-states,Unknown,Unknown,Unknown,unknown,Unknown,Unknown,Unknown,Unknown,Unknown
9310155012829,Smokehouse BBQ Chicken Noodles,Fantastic,Unknown,australia,Unknown,Unknown,Unknown,unknown,Unknown,Unknown,Unknown,Unknown,Unknown
5352205058955,Lemon and elderflower,Fanta,"beverages-and-beverages-preparations, plant-based-foods-and-beverages, beverages, plant-based-beverages, carbonated-drinks, fruit-based-beverages, sodas, fruit-sodas, lemon-soft-drinks",united-kingdom,Unknown,Unknown,Unknown,unknown,Unknown,Unknown,Unknown,Unknown,Unknown
8005087003243,babà al rhum fantasia,MAURIZIO RUSSO,Unknown,united-states,Unknown,Unknown,Unknown,unknown,Unknown,Unknown,Unknown,Unknown,Unknown
5000112693621,Fanta Fruit Twist,Fanta,Unknown,united-kingdom,Unknown,Unknown,Unknown,unknown,Unknown,Unknown,Unknown,Unknown,Unknown
5942321000923,Fanta De 250,Unknown,Unknown,romania,Unknown,Unknown,Unknown,unknown,Unknown,Unknown,Unknown,Unknown,Unknown
4897036695913,Monster Energy Ultra Fantasy Ruby Red,Monster,Unknown,united-states,Unknown,Unknown,Unknown,unknown,Unknown,Unknown,Unknown,Unknown,Unknown
5449000345417,Fanta,Fanta,Unknown,united-kingdom,Unknown,Unknown,Unknown,unknown,Unknown,Unknown,Unknown,Unknown,Unknown
0043000096901,Fantasy passionfruit,Crystal light zero sugar,Unknown,united-states,Unknown,Unknown,Unknown,unknown,Unknown,Unknown,Unknown,Unknown,Unknown
5000112693638,Fanta lemon,Fanta,Unknown,united-states,Unknown,Unknown,Unknown,unknown,Unknown,Unknown,Unknown,Unknown,Unknown
6000703784720,Orange Fanta,Coca-cola,Unknown,united-kingdom,Unknown,Unknown,Unknown,unknown,Unknown,Unknown,Unknown,Unknown,Unknown
8901764022883,Orange Flavoured,Fanta,Unknown,united-states,Unknown,Unknown,Unknown,unknown,4.0,Unknown,"CARBONATED WATER, SUGAR, ACIDITY REGULATOR (330, 331 (iii)), PRESERVATIVE (211), PERMITTED NATURAL COLOUR (160a (iii)), PERMITTED ARTIFICIAL FLAVOURS (ORANGE), CONTAINS ADDED FLAVOUR (NATURE-IDENTICAL & ARTIFICIAL FLAVOURING SUBSTANCES)",Unknown,Unknown
5449000322203,Fanta orange low calorie,Fanta,Unknown,united-states,Unknown,Unknown,Unknown,unknown,Unknown,Unknown,Unknown,Unknown,Unknown
4897148040045,Fanta - Banana and Chocolate,Fanta,Unknown,united-kingdom,Unknown,Unknown,Unknown,unknown,Unknown,Unknown,Unknown,Unknown,Unknown
